mjd,mag,magerr
51818.43,21.406606674194336,0.1355595141649246
52171.42,21.20859146118164,0.115988440811634
52171.49,21.37739562988281,0.1321505010128021
52173.39,21.35123443603516,0.1461361348628997
52224.37,21.15874481201172,0.1063981428742408
52225.34,21.083627700805664,0.1039389967918396
52234.33,21.19496154785156,0.1441826522350311
52261.29,21.23656845092773,0.1426834911108017
52283.16,21.156883239746094,0.1493569016456604
52287.17,21.150554656982425,0.1251470446586609
52288.17,21.585424423217773,0.154050588607788
52522.48,21.537458419799805,0.1466444432735443
52551.45,21.65387344360352,0.1358953416347503
52558.48,21.68492889404297,0.1228325515985488
52578.35,21.656293869018555,0.1556037813425064
52585.31,21.41690254211425,0.0970144420862197
52585.37,21.29905891418457,0.1099828034639358
52908.44,21.377178192138672,0.1406877338886261
52910.45,21.49597549438477,0.1330800205469131
52912.42,21.353248596191406,0.1667175441980362
52934.37,21.54321479797364,0.1657693982124328
52935.38,21.387109756469727,0.1059198826551437
52936.37,21.4974422454834,0.1378187090158462
53270.43,21.88374137878418,0.2001322358846664
53272.48,21.91267204284668,0.2280944287776947
53286.45,21.30919647216797,0.1958412379026413
53288.41,21.713361740112305,0.1968759596347808
53294.46,21.54532623291016,0.1755703240633011
53296.41,21.44467544555664,0.1687303781509399
53298.46,21.702163696289062,0.1968462467193603
53312.36,22.05680274963379,0.463853120803833
53314.36,21.657066345214844,0.2144792228937149
53351.22,21.75881576538086,0.1822820007801056
53616.47,22.02122688293457,0.2923720180988312
53627.44,21.43222427368164,0.1334377974271774
53635.44,21.42005157470703,0.3007303774356842
53638.47,21.41443634033203,0.1850707679986953
53639.48,21.68555450439453,0.2564400434494018
53640.44,21.77981758117676,0.1966636627912521
53657.43,21.40710830688477,0.2049863487482071
53657.48,21.25680160522461,0.1484865993261337
53663.42,21.8155574798584,0.5557195544242859
53665.4,21.34990692138672,0.3095490932464599
53668.41,21.997039794921875,0.5517283082008362
53669.39,21.13399314880371,0.1575401276350021
53669.5,21.074800491333008,0.2110329419374466
53671.48,21.345197677612305,0.1679495275020599
53673.38,21.52572250366211,0.1664963513612747
53674.38,21.63706016540528,0.1787029504776001
53675.38,21.642786026000977,0.2168731838464737
53676.47,21.5087833404541,0.196497693657875
53679.44,22.02857780456543,0.2875209450721741
53680.39,21.51122665405273,0.2291588932275772
53681.43,22.13900184631348,0.2698130011558532
53683.44,22.365684509277344,0.3509263098239898
53686.38,21.623485565185547,0.331802487373352
53696.39,21.528892517089844,0.2590242624282837
53697.39,21.67186737060547,0.2134776711463928
53699.41,21.38460922241211,0.2197030484676361
53700.38,21.366294860839844,0.1513246148824691
53975.46,21.834339141845703,0.2051650434732437
53989.47,21.55461311340332,0.3657359182834625
53994.48,21.705766677856445,0.2025813609361648
53996.46,21.230342864990234,0.1578324139118194
54008.45,21.60727310180664,0.1842229962348938
54009.42,21.646778106689453,0.152235746383667
54011.48,21.61504364013672,0.1454381644725799
54012.41,21.296146392822266,0.142432153224945
54020.45,22.151721954345703,0.4928135573863983
54025.48,21.721933364868164,0.3782655298709869
54029.49,21.493331909179688,0.2448978722095489
54030.44,21.316028594970703,0.1094293296337127
54031.4,21.496728897094727,0.1682310849428177
54035.49,21.882680892944336,0.2791160047054291
54036.4,21.54827690124512,0.2047660946846008
54037.39,21.79658508300781,0.1641911268234253
54039.4,21.61415100097656,0.1750456243753433
54040.41,21.70978355407715,0.1473670899868011
54041.37,21.46596908569336,0.2413008958101272
54041.44,21.6832332611084,0.1554493755102157
54048.42,21.739715576171875,0.4560648202896118
54049.43,20.926496505737305,0.2617920339107513
54050.39,21.837045669555664,0.3567647933959961
54052.4,21.166179656982425,0.2230574488639831
54053.41,21.494495391845703,0.2766046524047851
54055.41,21.43818092346192,0.2424560934305191
54056.4,21.39345359802246,0.1673084795475006
54058.39,21.50663185119629,0.2873005270957947
54059.39,21.579010009765625,0.1834069788455963
54060.41,21.458709716796875,0.1967993080615997
54061.4,21.623985290527344,0.2759493589401245
54062.4,21.51262283325196,0.1432214081287384
54065.39,21.413028717041016,0.2503707408905029
54068.38,21.69404029846192,0.217166006565094
54357.44,21.46489715576172,0.1310294717550277
54376.48,21.24747085571289,0.1471989750862121
54381.49,21.510290145874023,0.1953364908695221
54382.47,21.6722354888916,0.172054037451744
54385.48,21.26823234558105,0.12546107172966
54386.48,21.25690078735352,0.1442621052265167
54387.48,21.097002029418945,0.1281937807798385
54391.48,21.26566505432129,0.244347259402275
54392.48,21.19417190551757,0.1624511182308197
54393.49,21.801942825317383,0.3211873769760132
54394.47,21.892711639404297,0.4747787117958069
54396.35,21.193363189697266,0.376359224319458
54396.49,21.846263885498047,0.3930941224098205
54402.48,20.93222045898437,0.3125357329845428
54404.45,21.99349403381348,0.723875880241394
54406.39,21.19495391845703,0.1429383903741836
54409.39,21.42679214477539,0.1413470655679702
54411.35,21.258464813232425,0.1713197976350784
54412.42,21.3698673248291,0.2831678688526153
54413.39,21.13827514648437,0.1502909809350967
54416.39,21.16736602783203,0.1241900995373725
54421.39,21.328887939453125,0.1823319345712661
54422.39,21.39936065673828,0.1897031813859939
54423.37,21.540489196777344,0.1682682186365127
54424.33,21.5046443939209,0.2414001226425171
51818.42,20.597806930541992,0.0854952186346054
51875.25,20.787494659423828,0.0729991793632507
52171.41,20.446081161499023,0.0658924132585525
52171.48,20.57647132873535,0.0633764937520027
52173.38,20.484281539916992,0.0737930983304977
52225.33,20.481678009033203,0.0602586083114147
52234.32,20.41842460632324,0.0699005872011184
52287.17,20.323938369750977,0.0653048083186149
52288.16,20.36296272277832,0.0528807789087295
52522.47,20.57046890258789,0.0620406307280063
52551.44,20.65165328979492,0.0658058673143386
52552.48,20.65194702148437,0.0692214965820312
52558.47,20.77079391479492,0.0641016587615013
52578.34,20.56619453430176,0.0713135376572609
52585.31,20.64709854125977,0.0568906366825103
52908.43,20.624202728271484,0.0775335431098938
52910.44,20.858295440673828,0.106275163590908
52934.36,20.53730201721192,0.0752990990877151
52935.37,20.5632553100586,0.0578000582754612
52936.36,20.60116195678711,0.0708455517888069
53270.42,20.55404663085937,0.0711476951837539
53288.4,20.57657814025879,0.0699905157089233
53296.4,20.55576705932617,0.0851527228951454
53298.45,20.52836036682129,0.0818065702915191
53312.35,20.593101501464844,0.1305127441883087
53616.46,20.6103744506836,0.0777778103947639
53622.47,20.464506149291992,0.0499870590865612
53627.43,20.29385566711425,0.0607143603265285
53638.46,20.64625740051269,0.091886781156063
53639.47,20.412755966186523,0.0828243046998977
53641.47,20.296411514282227,0.0848356485366821
53643.47,20.789411544799805,0.0862006396055221
53657.47,20.615869522094727,0.0826038122177124
53663.49,20.662015914916992,0.2556578516960144
53665.49,20.444704055786133,0.1283900439739227
53668.48,20.34295463562012,0.1429414302110672
53669.38,20.60367012023925,0.0911589413881301
53671.47,20.763391494750977,0.1119221299886703
53673.37,20.520885467529297,0.0723222941160202
53674.37,20.69746398925781,0.0993006154894828
53675.37,20.530309677124023,0.0794340074062347
53676.46,20.771318435668945,0.1620065122842788
53679.43,20.665740966796875,0.0843791663646698
53681.42,20.805288314819336,0.0966126024723053
53686.38,20.486492156982425,0.1243316382169723
53696.39,20.55763053894043,0.1090342178940773
53697.38,20.706527709960938,0.1100435107946395
53975.45,20.84400749206543,0.0796364694833755
53989.46,20.69212913513184,0.1648537814617157
53994.47,20.797592163085938,0.0874407365918159
53996.45,20.112567901611328,0.0821865946054458
54007.48,20.54557609558105,0.0769207254052162
54009.48,20.64071655273437,0.064093954861164
54010.41,20.7409610748291,0.0609747245907783
54011.47,20.639707565307617,0.0660955756902694
54012.4,20.66562843322754,0.0992092192173004
54012.48,20.871326446533203,0.0927233472466468
54020.44,20.45387077331543,0.1023088097572326
54024.49,20.845603942871094,0.1132478564977645
54035.48,20.8374137878418,0.1263921558856964
54037.38,20.72623443603516,0.0617828518152236
54039.39,20.659454345703125,0.0818970650434494
54040.4,20.65439414978028,0.0662408843636512
54041.36,20.4962215423584,0.1022852212190628
54041.43,20.8569450378418,0.0871788635849952
54047.43,21.06096839904785,0.3451553285121918
54049.42,21.007020950317383,0.2644619047641754
54050.38,20.75157356262207,0.1846585422754287
54052.39,20.76841163635254,0.1592694371938705
54053.4,20.59464263916016,0.1227251067757606
54056.39,20.857816696166992,0.0990548357367515
54059.38,20.78484535217285,0.0837577804923057
54061.39,20.70566749572754,0.1044142171740531
54062.39,20.65581321716309,0.0722977966070175
54065.38,20.77953338623047,0.1205658316612243
54068.37,20.67230033874512,0.1200269386172294
54346.46,20.37469482421875,0.1270740181207656
54348.47,20.53987693786621,0.1231026872992515
54357.43,20.468021392822266,0.0567175559699535
54362.48,20.33903312683105,0.059524055570364
54365.46,20.40989112854004,0.0597961917519569
54376.47,20.28336334228516,0.066440999507904
54381.48,20.238422393798828,0.0693225488066673
54382.46,20.24528884887696,0.062812253832817
54385.47,20.251462936401367,0.0590648464858531
54386.47,20.33929252624512,0.0685954838991165
54387.48,20.33663558959961,0.0740457773208618
54391.48,20.23984909057617,0.0870922356843948
54393.48,20.223552703857425,0.0633414909243583
54394.46,20.274486541748047,0.117222361266613
54396.34,20.16912078857422,0.1635413765907287
54396.48,20.269166946411133,0.0988068208098411
54402.47,20.102622985839844,0.1903795897960662
54403.39,20.05526161193848,0.1087225303053855
54404.44,20.279151916503903,0.1298231333494186
54406.38,20.213682174682617,0.063992291688919
54409.39,20.35590171813965,0.0606758035719394
54411.34,20.17300796508789,0.0578492805361747
54412.41,20.34462547302246,0.0979955941438674
54413.38,20.329484939575195,0.0919684693217277
54415.39,20.052631378173828,0.0511903576552867
54416.38,20.12236595153809,0.0612419284880161
54418.38,20.10313415527344,0.0635134354233741
54421.39,20.064085006713867,0.0657422468066215
54422.39,20.106342315673828,0.0673921257257461
54423.36,20.103178024291992,0.0565043650567531
54424.32,20.2365837097168,0.0730150789022445
51818.41,20.89134788513184,0.0911882519721984
51875.24,20.996049880981445,0.0838241055607795
52171.4,21.02815628051757,0.1001994609832763
52171.47,20.887039184570312,0.0798613205552101
52173.37,20.706026077270508,0.0931132659316062
52224.35,20.82856178283692,0.0849593579769134
52225.32,20.97891616821289,0.0842896774411201
52234.31,20.9985466003418,0.1216133087873458
52261.27,20.89553642272949,0.0904310271143913
52287.15,20.723520278930664,0.0779429003596305
52288.15,20.91423225402832,0.088616594672203
52522.46,20.766212463378903,0.07742440700531
52551.43,21.204404830932617,0.132463276386261
52552.47,20.91554832458496,0.0896791517734527
52557.45,20.829402923583984,0.0879911184310913
52558.46,20.887582778930664,0.0790548250079155
52578.33,21.1201286315918,0.0814774557948112
52585.3,21.0014591217041,0.0854561254382133
52585.35,20.865345001220703,0.0798673331737518
52908.42,21.20691680908203,0.1180403009057045
52910.43,20.974056243896484,0.1097045466303825
52912.4,20.952606201171875,0.1098110228776931
52934.35,20.92072105407715,0.0959182009100914
52935.36,20.787952423095703,0.0742834210395813
52936.35,20.91167259216309,0.0878012031316757
52963.28,20.943283081054688,0.0716044679284095
53270.41,21.15551376342773,0.0957529842853546
53272.46,21.0249137878418,0.1062598004937172
53286.43,21.006866455078125,0.131242886185646
53288.39,20.900951385498047,0.0956627130508422
53294.44,20.781391143798828,0.0989422127604484
53296.39,20.93987846374512,0.1234191432595253
53298.44,20.87754821777344,0.103283517062664
53302.39,20.8189697265625,0.1146949231624603
53312.34,21.11451911926269,0.1684181690216064
53314.34,20.869853973388672,0.1195928826928138
53616.45,20.7021484375,0.0934054628014564
53622.46,20.80158424377441,0.0646653473377227
53626.42,20.981674194335938,0.1079958602786064
53627.42,20.5548038482666,0.0603285431861877
53635.42,20.447729110717773,0.1157775074243545
53638.45,20.32673454284668,0.0868817865848541
53640.42,20.73261451721192,0.0849751979112625
53646.48,20.759584426879883,0.0822308734059333
53657.46,20.61919212341309,0.0880619287490844
53663.4,20.507587432861328,0.2142598181962967
53663.48,20.908552169799805,0.34264075756073
53664.41,21.09328269958496,0.275137186050415
53665.38,20.74266815185547,0.1582906395196914
53665.48,20.4924259185791,0.1471525728702545
53666.47,21.10085105895996,0.2201462984085083
53668.39,20.565900802612305,0.1494914144277572
53668.47,20.436622619628903,0.1413578242063522
53669.37,20.37127494812012,0.0810315385460853
53669.48,20.58633804321289,0.1645915657281875
53671.46,20.64330101013184,0.0889701247215271
53673.36,20.545560836791992,0.0687138065695762
53674.36,20.76791381835937,0.0965434685349464
53675.36,20.553226470947266,0.0742454379796981
53676.45,20.64407539367676,0.0921870321035385
53676.48,21.489879608154297,0.2422667443752288
53679.42,20.528854370117188,0.0771665945649147
53680.37,20.5696964263916,0.0720475539565086
53681.41,20.67462730407715,0.0975331589579582
53683.42,21.60447120666504,0.200640320777893
53686.37,20.71976852416992,0.1663739681243896
53696.38,20.53316116333008,0.0993291214108467
53697.37,20.57439994812012,0.0908552780747413
53699.39,20.58443832397461,0.1023664027452468
53975.44,20.762624740600582,0.1026349663734436
53989.45,20.9772891998291,0.2179064899682998
53994.46,20.78120231628418,0.0872420668601989
53996.44,20.119319915771484,0.0903482884168624
53997.47,20.826244354248047,0.0685903877019882
54000.42,20.45352554321289,0.0927633345127105
54007.47,20.658641815185547,0.0842549279332161
54009.4,20.66462135314941,0.0676263570785522
54009.47,20.76384162902832,0.0699347406625747
54010.4,20.7966365814209,0.0666257590055465
54011.46,20.827436447143555,0.0742053985595703
54012.39,20.585323333740234,0.0940017327666282
54012.47,20.839160919189453,0.1164610385894775
54020.43,20.74797439575196,0.1486351639032364
54024.48,21.169109344482425,0.1548601537942886
54025.46,20.35936546325684,0.1220345422625541
54028.47,20.864347457885746,0.1038859635591507
54029.47,20.579870223999023,0.100645512342453
54030.42,20.92729949951172,0.0771080031991005
54031.38,20.706069946289062,0.0783182010054588
54035.47,20.70193099975586,0.0963701009750366
54036.38,20.77281188964844,0.1183690130710601
54037.37,20.849985122680664,0.0708768144249916
54039.38,20.798852920532227,0.0942530557513237
54040.39,20.8337631225586,0.076954647898674
54041.35,20.791200637817383,0.1540320366621017
54041.42,21.00713348388672,0.0854975208640098
54047.42,20.95542335510254,0.3484680652618408
54048.4,20.9271297454834,0.2263906449079513
54049.41,20.90847396850586,0.2118783891201019
54052.38,20.619558334350582,0.1489462703466415
54053.39,20.704326629638672,0.1423738747835159
54055.39,20.60650062561035,0.1047745123505592
54056.38,20.57649040222168,0.0947044640779495
54058.37,20.7612533569336,0.1360019743442535
54059.37,20.774154663085938,0.1024825200438499
54060.4,20.672393798828125,0.1412534713745117
54061.38,20.699005126953125,0.139655515551567
54062.38,20.85523223876953,0.0865834280848503
54065.37,20.889482498168945,0.1341728419065475
54068.36,21.256288528442383,0.1792149245738983
54346.45,20.21986198425293,0.100554920732975
54348.46,20.638999938964844,0.1068624407052993
54357.42,20.29728126525879,0.0578694678843021
54362.47,20.39881896972656,0.0554323159158229
54365.45,20.348678588867188,0.0593089684844017
54376.46,20.287771224975582,0.0636051669716835
54381.47,20.326494216918945,0.0776219889521598
54382.45,20.46369171142578,0.0721857845783233
54385.46,20.4117488861084,0.0744108185172081
54386.46,20.378582000732425,0.0747771263122558
54387.46,20.38169288635254,0.0828988030552864
54391.47,20.414783477783203,0.1039168983697891
54392.46,20.300243377685547,0.0790591463446617
54393.47,20.30791664123535,0.0894442722201347
54394.45,20.60253524780273,0.181082934141159
54396.33,20.302902221679688,0.2049603164196014
54396.47,20.32466697692871,0.0960579514503479
54402.46,20.09794044494629,0.1860221922397613
54403.38,20.419790267944336,0.2925859689712524
54404.43,20.309267044067383,0.837993860244751
54409.38,20.391021728515625,0.0594283007085323
54411.33,20.28287124633789,0.062752217054367
54412.4,20.4093074798584,0.1007049232721328
54413.37,20.242870330810547,0.095433585345745
54415.38,20.4332218170166,0.0571421161293983
54416.37,20.38277244567871,0.0635165944695472
54417.37,20.32408905029297,0.0569030754268169
54418.37,20.365463256835938,0.0732245594263076
54421.38,20.385662078857425,0.0839323252439498
54422.38,20.253442764282227,0.0754786059260368
54424.31,20.29282760620117,0.0831802412867546
54433.37,20.044103622436523,0.1600457727909088
51818.4,20.755592346191406,0.0753907933831214
51875.23,20.75253295898437,0.0690175220370292
52171.39,20.891475677490234,0.0936550125479698
52171.46,20.90400695800781,0.0699953213334083
52173.37,20.794891357421875,0.1020709872245788
52224.35,20.75568389892578,0.0787239894270896
52225.31,20.89410400390625,0.0790545642375946
52234.3,20.84587478637696,0.1068673580884933
52261.27,20.850622177124023,0.0917911231517791
52287.15,20.947111129760746,0.0988676771521568
52288.15,21.038936614990234,0.0833372622728347
52522.45,20.654380798339844,0.066403642296791
52551.42,20.974082946777344,0.0852312371134758
52552.47,20.833709716796875,0.081510841846466
52557.44,20.79646110534668,0.0825045332312583
52558.45,20.656959533691406,0.064007468521595
52578.33,20.81984138488769,0.0668078735470771
52585.29,20.758947372436523,0.0683173164725303
52585.34,20.631711959838867,0.065927617251873
52908.42,21.027475357055664,0.1001088693737983
52910.43,21.04288673400879,0.1001056581735611
52912.39,21.165021896362305,0.1127552986145019
52934.35,21.129180908203125,0.1194185987114906
52935.35,20.997528076171875,0.0871249288320541
52936.34,20.756959915161133,0.0872877612709999
52963.28,20.96645164489746,0.0720083191990852
53270.41,20.95423698425293,0.0822535082697868
53272.46,20.928926467895508,0.1123144924640655
53286.43,20.711782455444336,0.098244659602642
53288.38,21.026594161987305,0.0959316119551658
53294.43,20.852827072143555,0.0959765091538429
53296.38,20.84048652648925,0.1133096516132354
53298.43,20.81063842773437,0.0896844416856765
53302.38,20.711042404174805,0.1220954284071922
53312.34,21.018198013305664,0.2046903371810913
53314.34,20.75773811340332,0.114856019616127
53319.32,20.6617431640625,0.0956249758601188
53616.44,20.96355056762696,0.1014963388442993
53622.45,20.885364532470703,0.0632209032773971
53627.41,20.963842391967773,0.0876224637031555
53635.41,21.082210540771484,0.2065567821264267
53638.45,20.77205848693848,0.1106457933783531
53639.45,20.78191566467285,0.1128209829330444
53640.41,20.90041732788086,0.097271554172039
53646.47,21.02931785583496,0.0885380655527114
53657.45,20.915388107299805,0.1045897081494331
53663.39,21.21490859985352,0.3692488968372345
53663.47,20.363046646118164,0.1903068125247955
53664.41,21.155420303344727,0.2709484100341797
53665.37,20.74173164367676,0.1514716148376464
53665.47,20.67711639404297,0.1945245712995529
53666.46,20.741729736328125,0.1523288637399673
53668.38,20.816913604736328,0.1656417548656463
53668.46,20.80530548095703,0.1777485907077789
53669.37,20.83512687683105,0.1223319172859191
53669.47,21.136091232299805,0.2469044923782348
53671.45,20.919767379760746,0.1167457625269889
53673.35,20.76113510131836,0.0835017338395118
53674.35,21.09994888305664,0.1257561594247818
53675.35,20.74692916870117,0.0923686474561691
53676.44,20.80180931091309,0.1075714230537414
53680.36,20.904024124145508,0.1038724929094314
53681.4,20.812055587768555,0.0937377959489822
53683.42,21.54320335388184,0.1784915179014206
53686.36,20.8027572631836,0.1945501416921615
53696.37,21.104034423828125,0.1604742407798767
53697.36,20.85226058959961,0.1211150214076042
53699.38,21.079608917236328,0.1508268564939499
53975.43,20.86728858947754,0.1274462193250656
53989.44,20.801576614379883,0.1738819926977157
53994.45,20.650333404541016,0.0855112001299858
53996.44,20.23858642578125,0.1081600710749626
53997.46,20.906532287597656,0.0711642056703567
54000.42,20.93694305419922,0.1069650799036026
54007.47,20.8672103881836,0.0848903283476829
54008.4,20.57782936096192,0.1752437800168991
54009.39,20.593490600585938,0.0664427950978279
54009.46,20.56538772583008,0.0654901787638664
54010.39,20.55105400085449,0.0563423074781894
54011.45,20.581954956054688,0.064872033894062
54012.38,20.63300132751465,0.0887660905718803
54012.47,20.805463790893555,0.0856837928295135
54020.42,20.6313705444336,0.1387272477149963
54024.47,20.825931549072266,0.1458327323198318
54025.45,20.272003173828125,0.1170399934053421
54028.46,20.7498779296875,0.0830225497484207
54029.46,20.30122756958008,0.0783502534031868
54030.42,20.536108016967773,0.0801499113440513
54031.37,20.558631896972656,0.0703964531421661
54035.46,20.604536056518555,0.0985143110156059
54036.38,20.4808349609375,0.0942669212818145
54037.36,20.479785919189453,0.0579993650317192
54039.37,20.628150939941406,0.0800105780363082
54040.38,20.522096633911133,0.0642154142260551
54041.34,20.472148895263672,0.123531237244606
54041.41,20.7253646850586,0.0699912309646606
54047.41,21.10677146911621,0.4606845378875732
54048.39,20.280988693237305,0.140687957406044
54049.41,20.557350158691406,0.1908962577581405
54050.37,20.426130294799805,0.1541088670492172
54052.37,20.44914436340332,0.1299616545438766
54053.39,20.49481773376465,0.0835909098386764
54055.38,20.602235794067383,0.1015921607613563
54056.37,20.54657745361328,0.0847427397966384
54058.37,20.66049575805664,0.1183507591485977
54059.37,20.66368293762207,0.0915964692831039
54060.39,20.4569034576416,0.0984338670969009
54061.38,20.707836151123047,0.1474881470203399
54062.37,20.6127872467041,0.0727962106466293
54065.37,20.498580932617188,0.0834896564483642
54068.35,20.983200073242188,0.1433477699756622
54346.45,20.49708747863769,0.1262079179286956
54357.41,20.57988739013672,0.0705484822392463
54362.46,20.488719940185547,0.0627924129366874
54365.44,20.33691024780273,0.0618444867432117
54376.45,20.43923568725586,0.0901686176657676
54381.46,20.42629051208496,0.0747295618057251
54382.44,20.389854431152344,0.0741725340485572
54385.46,20.546527862548828,0.0663210824131965
54386.45,20.451505661010746,0.0727446600794792
54387.46,20.44312858581543,0.0950019285082817
54391.46,20.532777786254883,0.119784876704216
54392.45,20.476686477661133,0.0811153724789619
54393.46,20.33005142211914,0.0836885422468185
54394.44,20.44521713256836,0.1275655478239059
54396.32,20.16642189025879,0.1782958209514618
54396.46,20.64875221252441,0.1370614916086197
54402.45,20.59379005432129,0.2771930396556854
54403.37,20.8256893157959,0.2187264412641525
54404.43,20.39086532592773,0.1228995472192764
54406.36,20.568187713623047,0.0789703130722045
54409.37,20.86839485168457,0.0756734162569046
54411.32,20.63339233398437,0.0834460109472274
54412.39,20.480833053588867,0.1160937622189521
54413.36,20.48065948486328,0.1014659628272056
54415.38,20.506589889526367,0.0603732392191886
54416.36,20.44138526916504,0.0721601620316505
54421.37,20.531402587890625,0.1011404991149902
54422.37,20.34496116638184,0.0952110812067985
54423.34,20.59663200378418,0.0796286687254905
54424.3,20.52096176147461,0.0963398218154907
54433.37,20.50272750854492,0.2041805535554886
51818.39,21.53603172302246,0.1247020363807678
51875.22,21.65168190002441,0.1461772620677948
52171.38,21.0975399017334,0.1063463166356086
52171.46,21.175670623779297,0.0983846932649612
52173.36,20.91712188720703,0.0970721989870071
52224.34,20.960643768310547,0.0879389271140098
52225.3,21.074064254760746,0.0816533118486404
52234.29,21.26257705688477,0.1449124068021774
52261.26,21.20744705200196,0.1142943724989891
52287.14,21.27078628540039,0.1263155937194824
52288.14,21.151636123657227,0.0923420414328575
52522.44,21.48674964904785,0.1180625185370445
52551.41,21.33499336242676,0.1075578331947326
52552.46,21.55728912353516,0.1432799398899078
52557.43,21.606618881225582,0.1654726415872573
52558.44,21.448871612548828,0.1055659726262092
52578.32,21.543970108032227,0.1098166108131408
52585.28,21.5477352142334,0.1247038766741752
52585.33,21.666128158569336,0.1216317415237426
52908.41,21.309925079345703,0.1135708764195442
52910.42,21.217090606689453,0.1269557923078537
52912.39,21.46166229248047,0.1451687216758728
52934.34,21.23192024230957,0.1127073317766189
52935.34,21.418663024902344,0.1172991767525672
52936.33,21.83182907104492,0.1613510400056839
52963.27,21.669586181640625,0.1081018522381782
53270.4,21.582904815673828,0.1366375237703323
53272.45,21.482046127319336,0.1799701303243637
53286.42,21.45003700256348,0.1861837953329086
53288.38,21.61573028564453,0.1534363180398941
53294.42,21.670881271362305,0.1854176223278045
53296.37,21.476980209350582,0.1651054173707962
53298.42,21.56018447875977,0.1470003575086593
53302.37,21.781024932861328,0.2515785098075866
53312.33,21.633207321166992,0.2746379673480987
53314.33,21.00747871398925,0.1390340030193328
53319.32,21.84677696228028,0.2450369000434875
53351.19,21.427631378173828,0.1383779197931289
53616.43,21.770206451416016,0.2093756198883056
53622.45,21.641714096069336,0.103627473115921
53627.4,21.51643943786621,0.1212045475840568
53628.39,21.535289764404297,0.2154548466205597
53634.4,21.383106231689453,0.3059871196746826
53635.4,21.866130828857425,0.3740855157375335
53638.44,21.741884231567383,0.2030123025178909
53639.44,21.585918426513672,0.1908184438943863
53640.4,21.65862846374512,0.1531353592872619
53641.44,21.25103759765625,0.1554279625415802
53646.46,21.84502410888672,0.1439944505691528
53663.38,21.8057861328125,0.4658331274986267
53663.46,21.671852111816406,0.5643112659454346
53664.4,21.457002639770508,0.3042783439159393
53665.36,21.41376495361328,0.2124908119440078
53665.46,21.282865524291992,0.2579574882984161
53666.45,21.445995330810547,0.3168410062789917
53668.37,21.40032196044922,0.2464747577905655
53668.45,21.917943954467773,0.4488816261291504
53669.36,21.172319412231445,0.1448778659105301
53669.46,21.343366622924805,0.2752957940101623
53670.46,21.858625411987305,0.234720766544342
53671.44,21.332427978515625,0.1626975834369659
53673.35,21.483293533325195,0.135136067867279
53674.34,21.565189361572266,0.1571100652217865
53675.34,21.334453582763672,0.135703831911087
53676.43,21.46217536926269,0.1761599332094192
53680.35,21.3162841796875,0.1298720836639404
53681.39,21.56860542297364,0.1378013491630554
53683.41,22.318246841430664,0.3049688935279846
53686.35,21.039644241333008,0.2353974729776382
53696.36,21.486448287963867,0.2233748286962509
53697.35,21.29549026489257,0.1670656353235244
53699.37,21.395198822021484,0.1733414381742477
53700.35,21.38129234313965,0.1248483136296272
53705.34,21.31722068786621,0.1729737669229507
53975.42,21.50567054748535,0.1415473669767379
53989.43,20.824264526367188,0.1818064153194427
53994.44,21.389270782470703,0.1451821774244308
53996.43,20.89268112182617,0.1681469827890396
53997.45,21.96875762939453,0.1551227271556854
54000.41,21.62470436096192,0.1868543922901153
54007.46,21.393428802490234,0.1410756707191467
54008.39,21.427078247070312,0.1536244451999664
54009.38,21.409576416015625,0.1214095428586006
54009.46,21.44813537597656,0.1119104698300361
54010.38,21.575180053710938,0.0999730676412582
54011.45,21.520715713500977,0.1228003501892089
54012.38,21.34613037109375,0.177007183432579
54012.46,21.37617301940918,0.1736544072628021
54019.44,21.66227912902832,0.3675253391265869
54020.41,21.04283142089844,0.1877827793359756
54024.46,21.51863670349121,0.2056805193424224
54025.44,20.74755096435547,0.1629678457975387
54028.45,21.859777450561523,0.1779087483882904
54029.45,21.510251998901367,0.1858633458614349
54030.41,21.489465713500977,0.1066708415746688
54031.36,21.45833969116211,0.125444158911705
54035.45,21.56438446044922,0.189366340637207
54036.37,21.59166717529297,0.2488583177328109
54037.36,21.332632064819336,0.0993938371539115
54039.36,21.1295223236084,0.111706368625164
54040.37,21.13625907897949,0.098351314663887
54041.34,21.33162307739257,0.2326487898826599
54041.41,21.54753303527832,0.1445091366767883
54047.4,20.962995529174805,0.5207648873329163
54048.39,20.79202461242676,0.2519121766090393
54049.4,21.70273780822754,0.4340295195579529
54050.36,21.47574615478516,0.3204273581504822
54052.36,21.09180450439453,0.2345651984214782
54053.38,21.1503963470459,0.1478236615657806
54055.37,21.347415924072266,0.1760729104280471
54056.36,21.03883934020996,0.1000275090336799
54058.36,20.90447235107422,0.1442922800779342
54059.36,21.459917068481445,0.1532652974128723
54060.38,21.107006072998047,0.1681047827005386
54061.37,20.972715377807617,0.1525424122810363
54062.36,21.104869842529297,0.0996790751814842
54065.36,21.41536521911621,0.2568593621253967
54068.34,21.46104049682617,0.1869175732135772
54346.44,20.54749870300293,0.1171917915344238
54348.44,20.860820770263672,0.1131354570388794
54357.4,20.82233238220215,0.0698520764708519
54362.45,20.776086807250977,0.0765688940882682
54365.43,21.00747871398925,0.0928280428051948
54376.45,20.875947952270508,0.1047267466783523
54381.45,20.81748008728028,0.0896925628185272
54382.43,20.96273803710937,0.1109271273016929
54385.45,21.00302696228028,0.0937734395265579
54386.44,20.83058357238769,0.0941743403673172
54387.45,20.97586441040039,0.1367126256227493
54391.45,20.95421600341797,0.1602172404527664
54392.44,21.1257438659668,0.1285750120878219
54393.45,20.80401992797852,0.1202587708830833
54394.43,20.741220474243164,0.1270001679658889
54396.31,21.01108741760254,0.4667143225669861
54396.45,20.533367156982425,0.1310472935438156
54402.44,20.8801498413086,0.3327784538269043
54403.36,20.92634963989257,0.1726903468370437
54406.35,20.92121315002441,0.112389288842678
54409.36,21.033262252807617,0.0942230001091957
54411.31,21.02928924560547,0.0857777297496795
54412.38,20.885377883911133,0.1570945084095001
54413.35,20.661733627319336,0.1295239925384521
54415.37,20.90214157104492,0.0852776393294334
54416.35,21.0802001953125,0.0949102714657783
54417.36,20.826416015625,0.0802302807569503
54418.35,21.07048225402832,0.0985062271356582
54421.36,21.11404609680176,0.15810127556324
54422.36,21.01366233825684,0.1332603394985199
54423.34,20.92784118652344,0.1038469225168228
54424.3,20.932287216186523,0.11882034689188
54433.36,20.447572708129883,0.248991385102272
51818.39,22.619489669799805,0.3167693614959717
51875.22,22.153106689453125,0.2275318801403045
52171.38,22.1306381225586,0.2091894298791885
52171.45,22.849878311157227,0.3738688230514526
52173.36,22.554134368896484,0.3544766306877136
52224.34,22.23319625854492,0.2018714696168899
52225.3,22.59270477294922,0.2906404137611389
52287.14,22.14130210876465,0.2203931957483291
52288.14,22.05301094055176,0.1876249313354492
52522.44,22.476566314697266,0.2828684151172638
52551.41,22.614784240722656,0.336490273475647
52552.46,22.37849235534668,0.2425129115581512
52558.44,22.622703552246094,0.2893211245536804
52578.32,22.67222023010254,0.2938771247863769
52585.28,22.5588607788086,0.319324642419815
52585.33,22.596736907958984,0.2385250777006149
52908.41,23.313379287719727,0.5321308374404907
52910.42,22.5555477142334,0.4176231622695923
52934.34,22.56732177734375,0.3152888715267181
52935.34,22.937244415283203,0.4072522819042206
52936.33,22.725048065185547,0.297399640083313
52963.27,22.660085678100582,0.2580516338348388
53270.4,22.74397659301757,0.3063337504863739
53272.45,22.36500740051269,0.3407073318958282
53288.37,21.88203430175781,0.1804450750350952
53294.42,22.394916534423828,0.3099064528942108
53298.42,22.889951705932617,0.3901926279067993
53302.37,21.5984115600586,0.2026416659355163
53312.33,22.199447631835938,0.4277724921703338
53319.31,22.00470352172852,0.2596091628074646
53351.19,22.75954818725586,0.452843964099884
53616.43,22.10848617553711,0.2450163513422012
53622.44,22.391231536865234,0.2081229388713836
53627.4,22.153085708618164,0.2198541462421417
53628.39,22.5871810913086,0.5098133087158203
53634.39,22.586435317993164,0.9915248155593872
53638.44,22.384838104248047,0.3596853911876678
53639.44,22.87680435180664,0.5214311480522156
53640.4,22.848451614379883,0.4593099653720855
53646.46,23.33700180053711,0.6249563694000244
53665.46,21.52530097961425,0.3601153492927551
53668.45,22.761323928833008,0.9446793794631958
53669.36,23.39630699157715,0.906676709651947
53670.46,22.47697830200196,0.575624942779541
53673.35,22.87422180175781,0.4099661707878113
53674.34,22.992712020874023,0.5046015381813049
53675.34,23.28802490234375,0.6694349646568298
53676.43,22.412622451782227,0.4654548168182373
53681.39,23.02754211425781,0.5204749703407288
53696.36,22.00445556640625,0.379402607679367
53700.35,23.37001037597656,0.8412107825279236
53705.34,22.09900665283203,0.3453804552555084
53975.42,22.9128646850586,0.4863068461418152
53994.44,23.11656951904297,0.6903789043426514
53996.43,21.865720748901367,0.3445864915847778
53997.45,22.45968437194824,0.2077938467264175
54000.41,22.453235626220703,0.3261962831020355
54007.46,22.919658660888672,0.4194186925888061
54008.39,22.822275161743164,0.5438922643661499
54009.45,22.55608940124512,0.2995738983154297
54010.38,22.734724044799805,0.2840234339237213
54011.44,22.822917938232425,0.3063901364803314
54012.46,22.14042854309082,0.3057404160499573
54020.41,22.047927856445312,0.5010195970535278
54024.46,22.4297103881836,0.3976210653781891
54028.45,22.08770179748535,0.2603704631328583
54029.45,22.80130386352539,0.4353192150592804
54030.41,22.381492614746094,0.2820809185504913
54035.45,22.3892879486084,0.4203247725963592
54037.36,22.41512489318848,0.2545981109142303
54039.36,22.143280029296875,0.2335269153118133
54040.37,21.98868751525879,0.196137323975563
54041.33,22.08460807800293,0.4380655884742737
54041.41,23.235631942749023,0.6321839094161987
54048.39,21.537202835083008,0.4890616238117218
54049.4,22.193010330200195,0.6626722812652588
54053.38,21.979251861572266,0.2969084680080414
54055.37,22.35380172729492,0.3257130980491638
54056.36,22.292552947998047,0.3217158615589142
54058.36,21.88221740722656,0.2833982706069946
54059.36,22.163124084472656,0.3179396092891693
54060.38,22.842798233032227,0.6272900700569153
54062.36,22.18213081359864,0.2706762552261352
54068.34,22.358566284179688,0.3221864104270935
54348.44,22.20186424255371,0.3374414443969726
54357.4,23.40886878967285,0.562667965888977
54362.45,22.76613998413086,0.3572295010089874
54376.44,21.98075294494629,0.2917118668556213
54382.43,21.349647521972656,0.1617783159017563
54385.45,22.50953483581543,0.322810411453247
54386.44,21.913789749145508,0.2030539065599441
54387.45,21.706026077270508,0.3043555021286011
54392.44,21.888574600219727,0.2191280573606491
54393.45,22.131732940673828,0.320909321308136
54394.43,21.838951110839844,0.3384862840175628
54396.45,21.557416915893555,0.2870545089244842
54402.44,21.48100471496582,0.5730593204498291
54403.36,21.871036529541016,0.3651027977466583
54406.35,21.87876510620117,0.2215455323457718
54409.36,21.73443984985352,0.1545802056789398
54411.31,21.91918182373047,0.1681688129901886
54412.38,21.95066261291504,0.3296902775764465
54413.35,21.68665885925293,0.3308942317962646
54415.37,21.89244079589844,0.1784970611333847
54416.35,21.89193725585937,0.1653679758310318
54417.36,21.78738021850586,0.1693025678396225
54418.35,21.87596702575684,0.2680579721927643
54421.36,21.733226776123047,0.2493973672389984
54422.36,21.896886825561523,0.3529123961925506
54423.34,21.59847640991211,0.1909753382205963
54424.29,22.52019691467285,0.4977837204933166
51818.38,22.59962272644043,0.34539794921875
51875.21,22.406349182128903,0.2858270108699798
52171.37,21.93699836730957,0.2226167023181915
52173.34,21.781158447265625,0.2290314733982086
52224.32,22.381336212158203,0.3092350661754608
52225.29,22.3664665222168,0.2953254878520965
52234.28,21.9570426940918,0.26192507147789
52261.24,21.85711479187012,0.1855034828186035
52287.12,21.906190872192383,0.2075393497943878
52288.12,21.75200843811035,0.1667682826519012
52522.43,22.211549758911133,0.2465596199035644
52551.4,22.253780364990234,0.2530429661273956
52552.44,22.20430564880371,0.3765215277671814
52557.42,22.68319702148437,0.4403165280818939
52558.43,22.17982482910156,0.1971886903047561
52578.3,22.41450309753418,0.2552880644798279
52585.26,22.597097396850582,0.2627692818641662
52908.39,22.059425354003903,0.2677049338817596
52912.37,22.11338424682617,0.2795493602752685
52934.32,22.21720123291016,0.3307762742042541
52935.33,21.75348854064941,0.1860904693603515
52936.32,22.48303985595703,0.3095128238201141
52963.25,22.841773986816406,0.3308427333831787
53270.38,21.92567443847656,0.2278072535991668
53286.4,22.092988967895508,0.3390732407569885
53288.36,21.908178329467773,0.1881391406059265
53294.41,22.40542793273925,0.36391681432724
53296.36,22.23090171813965,0.2923426628112793
53298.41,21.87558937072754,0.2342582494020462
53302.36,22.74881172180176,0.7855783700942993
53312.31,21.51639747619629,0.301773190498352
53314.31,21.738550186157227,0.2523236870765686
53351.17,21.88909912109375,0.1781968772411346
53622.43,21.904539108276367,0.1490283459424972
53628.38,21.819150924682617,0.3401348292827606
53634.38,21.93523025512696,0.6106542348861694
53635.39,21.857807159423828,0.4231783747673034
53638.42,21.842193603515625,0.2007872015237808
53639.43,21.99188041687012,0.2923828661441803
53640.39,22.625019073486328,0.4546587765216827
53641.43,21.563051223754883,0.208837553858757
53646.45,21.952192306518555,0.214811161160469
53655.36,21.9875717163086,0.2026092261075973
53663.37,22.426692962646484,0.9528536796569824
53664.38,21.368581771850582,0.2472464442253112
53665.35,21.698162078857425,0.3532656133174896
53665.45,21.823545455932617,0.4581489264965057
53668.36,22.54534339904785,0.6557148098945618
53669.34,21.464338302612305,0.22183258831501
53669.45,22.30242729187012,0.7101216316223145
53671.43,21.62929916381836,0.2003096938133239
53673.33,22.193443298339844,0.2680512368679046
53674.33,21.87987327575684,0.2038310766220092
53675.33,21.50348854064941,0.1557639837265014
53676.42,21.866840362548828,0.2242389023303985
53677.35,21.99100112915039,0.2339707016944885
53680.34,22.07093048095703,0.2472989708185196
53681.38,22.086009979248047,0.2149360328912735
53683.39,21.90280532836914,0.2579664587974548
53697.34,22.5168514251709,0.4323486685752868
53699.36,22.26605224609375,0.419984370470047
53700.34,22.031850814819336,0.2857519090175628
53704.32,21.57594490051269,0.2458651810884475
53705.32,21.60943603515625,0.216163620352745
53975.41,22.76068115234375,0.40489062666893
53994.43,22.228992462158203,0.2602909207344055
53995.46,21.89511680603028,0.2876433730125427
53996.41,22.18018913269043,0.3279813230037689
53997.44,22.487049102783203,0.205064371228218
54000.39,22.26914596557617,0.3586142659187317
54007.44,22.37582778930664,0.3672563135623932
54008.37,22.016334533691406,0.2649905979633331
54009.37,22.679481506347656,0.3850811421871185
54009.44,22.279258728027344,0.240772932767868
54010.37,22.46742057800293,0.2300606667995453
54011.43,22.44555854797364,0.3083118200302124
54012.36,22.444673538208008,0.515285313129425
54012.44,22.29587745666504,0.3510881662368774
54020.37,22.68700408935547,0.729299783706665
54020.4,22.60540008544922,0.7024871706962585
54024.45,22.64334297180176,0.5193765759468079
54025.43,22.30790328979492,0.6608905792236328
54028.44,23.205171585083008,0.7233319878578186
54029.44,22.99040985107422,0.6600022912025452
54030.39,22.88873291015625,0.350956529378891
54031.35,22.541074752807617,0.3995970785617828
54035.44,22.373310089111328,0.4592188894748688
54036.35,22.28184509277344,0.4206192791461944
54037.34,22.02062225341797,0.183962881565094
54039.35,21.982431411743164,0.2828349769115448
54040.36,22.711170196533203,0.4515787959098816
54041.32,22.49854850769043,0.7502293586730957
54041.39,22.305564880371094,0.426937997341156
54048.34,22.139020919799805,0.4714390933513641
54049.38,21.587139129638672,0.369661808013916
54052.35,22.29524803161621,0.7246352434158325
54053.36,22.21168708801269,0.343542605638504
54056.35,22.30506896972656,0.3815993964672088
54058.34,22.7656307220459,0.7045534253120422
54059.34,22.07944297790528,0.3286671042442322
54060.37,22.156837463378903,0.5834510326385498
54062.35,22.5572452545166,0.3503116071224212
54068.33,22.29093170166016,0.5933970808982849
54346.42,22.38963890075684,0.6783323884010315
54348.43,22.024852752685547,0.3736621439456939
54357.39,22.01269721984864,0.174733281135559
54362.44,21.98124885559082,0.1607782989740371
54365.42,21.90341758728028,0.1880182176828384
54376.43,22.09970092773437,0.2919813096523285
54381.44,21.757116317749023,0.1860471963882446
54382.42,21.69900321960449,0.2283742129802703
54384.44,21.700899124145508,0.245892733335495
54385.43,21.763858795166016,0.1679333299398422
54386.43,22.134729385375977,0.3624711632728576
54387.43,22.387495040893555,0.6226699352264404
54393.44,21.94900321960449,0.37884321808815
54396.3,21.86039161682129,0.9728123545646667
54396.44,22.35654830932617,0.6553894877433777
54402.43,21.93294906616211,0.8159472346305847
54406.34,21.686729431152344,0.2115689069032669
54411.3,22.199443817138672,0.2568006515502929
54412.37,21.92287254333496,0.2384602576494217
54413.34,21.49783134460449,0.2261152863502502
54415.35,22.103126525878903,0.227973535656929
54416.34,21.97376251220703,0.2134951651096344
54417.34,21.65766906738281,0.1452857106924057
54418.34,22.64764976501465,0.4416090846061706
54421.35,21.771371841430664,0.2272106111049652
54422.35,21.5344181060791,0.2127659618854522
54423.32,22.140365600585938,0.2631109356880188
54424.28,21.827625274658203,0.3313108384609222
51818.37,20.675800323486328,0.0606769397854805
51875.2,20.649730682373047,0.0756988525390625
52170.42,20.878416061401367,0.0827126204967498
52173.34,20.840970993041992,0.0846513584256172
52224.32,21.07439041137696,0.0833209380507469
52225.28,20.95260238647461,0.0968801826238632
52234.27,20.88064765930176,0.0869335383176803
52261.24,21.163122177124023,0.0918217152357101
52287.12,21.127182006835938,0.0886048823595047
52288.12,21.11278343200684,0.1162808611989021
52522.42,20.943130493164062,0.1010667532682418
52576.26,20.94819068908692,0.096172496676445
52908.38,20.90475082397461,0.0878895297646522
52910.39,21.02031707763672,0.1175227612257003
52935.32,20.76331901550293,0.0919075161218643
52936.31,21.02762031555176,0.0782119557261467
52963.24,20.713274002075195,0.0646050050854682
53270.38,20.829252243041992,0.0731867998838424
53272.43,20.84834289550781,0.0891078040003776
53286.4,20.919118881225582,0.0872460827231407
53288.35,20.73863220214844,0.0687932670116424
53294.4,20.71358108520508,0.0811938047409057
53296.35,20.82757377624512,0.1015011221170425
53298.4,20.79891395568848,0.0786423310637474
53302.35,20.67350959777832,0.1142289489507675
53312.3,21.127307891845703,0.2080809921026229
53314.31,20.864646911621094,0.1219723001122474
53351.17,20.94110870361328,0.0808413252234458
53622.42,21.02408027648925,0.0900881141424179
53628.37,21.108503341674805,0.1724016517400741
53634.37,20.95696449279785,0.2969427406787872
53635.38,20.72303771972656,0.134070411324501
53638.41,20.960756301879883,0.1205941885709762
53639.42,20.97954750061035,0.0987208783626556
53641.42,20.975202560424805,0.102002277970314
53646.44,21.287656784057617,0.1686294376850128
53655.35,20.78457260131836,0.0908831655979156
53663.36,20.71870231628418,0.1671746522188186
53663.44,20.60385513305664,0.2675316929817199
53664.38,21.298242568969727,0.2548307180404663
53665.44,20.564437866210938,0.1560945957899093
53666.43,20.5899600982666,0.1647262424230575
53668.35,20.80203056335449,0.1142475381493568
53668.43,20.81513404846192,0.2099199146032333
53669.44,21.134593963623047,0.2321096807718277
53671.42,20.658172607421875,0.1165875717997551
53673.32,20.903324127197266,0.0771709233522415
53674.32,20.61536979675293,0.104445107281208
53675.32,20.843584060668945,0.078158900141716
53676.41,20.771276473999023,0.15214304625988
53677.34,20.92714500427246,0.0786508843302726
53679.38,20.54802131652832,0.1059658974409103
53680.33,20.90396308898925,0.0854323133826255
53683.39,20.76774787902832,0.0878189653158187
53687.27,20.695680618286133,0.2839696705341339
53697.33,20.80713081359864,0.1202534511685371
53699.35,20.903440475463867,0.1038469970226287
53704.31,20.60945510864257,0.0821693390607833
53975.4,21.0157470703125,0.1577269434928894
53989.41,20.589561462402344,0.1452856212854385
53994.42,20.8966007232666,0.1199052035808563
53995.45,20.54820251464844,0.1026947721838951
53996.41,20.45741271972656,0.1044894829392433
54000.38,20.944839477539062,0.1008943766355514
54007.43,21.25458526611328,0.1024040728807449
54008.37,21.20699882507324,0.1550138443708419
54009.36,21.1904411315918,0.0911382585763931
54010.36,21.20460319519043,0.0989735201001167
54011.42,21.035823822021484,0.0707462579011917
54012.35,20.88539695739746,0.1594528406858444
54012.44,21.02460670471192,0.1094339117407798
54020.36,20.82553482055664,0.1763978153467178
54024.44,20.91032600402832,0.1420638412237167
54025.42,20.871414184570312,0.1703109443187713
54028.43,20.9414176940918,0.173078253865242
54029.43,21.41042900085449,0.1676387786865234
54031.34,21.230546951293945,0.097763292491436
54035.43,20.859193801879883,0.1589169204235077
54036.34,21.170352935791016,0.1130726188421249
54037.33,21.05461311340332,0.0976839661598205
54039.34,21.18779563903809,0.1067082732915878
54048.34,21.138978958129883,0.2016079872846603
54049.37,20.64521217346192,0.1784446388483047
54052.34,21.521690368652344,0.2609111368656158
54053.35,20.95890617370605,0.1401825547218322
54055.35,21.378250122070312,0.1824096590280532
54056.34,21.22265625,0.1884986162185669
54058.34,21.2003116607666,0.1463124901056289
54059.34,20.805126190185547,0.1390819400548935
54060.36,21.560386657714844,0.2792718708515167
54061.35,21.18570899963379,0.2874823212623596
54346.42,20.64888381958008,0.1172060072422027
54348.42,20.83125114440918,0.0976436585187912
54355.43,20.67705535888672,0.0694333538413047
54357.38,20.694316864013672,0.0754420161247253
54362.43,20.685258865356445,0.0720244720578193
54365.41,20.899778366088867,0.0648485124111175
54376.42,20.58652114868164,0.0919879376888275
54381.43,20.75693893432617,0.066476009786129
54382.41,20.674015045166016,0.1143669635057449
54384.44,20.8174057006836,0.0894577428698539
54386.42,20.705062866210938,0.0728571191430091
54387.43,20.77671432495117,0.1596442312002182
54391.43,20.41596984863281,0.1462543457746505
54392.42,20.872941970825195,0.0980139970779419
54393.43,20.906604766845703,0.1336318999528885
54394.41,20.60846328735352,0.1402702927589416
54396.29,20.761314392089844,0.3359359204769134
54396.43,20.67571258544922,0.1661706715822219
54402.42,21.062332153320312,0.3815435171127319
54403.34,20.37556266784668,0.1942905187606811
54404.4,20.540796279907227,0.2493798583745956
54405.39,20.5432186126709,0.122881643474102
54406.33,20.74256706237793,0.0971883386373519
54411.29,20.670034408569336,0.0836981460452079
54412.36,20.635448455810547,0.074184238910675
54413.33,20.61774635314941,0.1182427778840065
54415.34,20.705781936645508,0.0761129856109619
54416.33,20.493072509765625,0.0606452599167823
54417.33,20.50685691833496,0.0785249173641204
54418.33,20.60943984985352,0.1125711798667907
54421.34,20.888256072998047,0.1307948529720306
54422.34,20.47201156616211,0.0978419929742813
54424.27,20.53400230407715,0.1235673427581787
54433.34,21.00952339172364,0.365568995475769
51818.37,22.20797348022461,0.2537689208984375
51875.2,22.79701232910156,0.3796586990356445
52170.42,21.79239082336425,0.1972285062074661
52173.34,22.520544052124023,0.4226135015487671
52224.32,22.24810218811035,0.2645153701305389
52225.28,21.82407569885254,0.1517245471477508
52234.27,21.88304710388184,0.2327901721000671
52261.24,22.202287673950195,0.2606973052024841
52287.12,21.923952102661133,0.2070647776126861
52288.12,22.090341567993164,0.2157697975635528
52522.42,21.771543502807617,0.1637832969427108
52551.39,21.792579650878903,0.1694284081459045
52557.41,21.983152389526367,0.2411279827356338
52558.42,21.67401885986328,0.1541246175765991
52576.25,22.174922943115234,0.2343405783176422
52578.29,21.85926628112793,0.191953033208847
52585.26,21.92541885375977,0.1661384105682373
52908.38,22.266014099121094,0.2884890735149383
52910.39,22.235227584838867,0.289980947971344
52912.36,22.46380615234375,0.3565099537372589
52934.32,22.56278419494629,0.4394764304161072
52935.32,22.137914657592773,0.2401444464921951
52936.31,22.397111892700195,0.2715656757354736
52963.24,21.92417335510254,0.1348332315683365
53270.38,21.89790344238281,0.2235633581876754
53272.43,21.83834648132324,0.2118873447179794
53286.39,22.42724609375,0.4241461157798767
53288.35,21.957857131958008,0.2047510594129562
53298.4,22.26791954040528,0.3276961743831634
53302.35,22.424823760986328,0.5777497887611389
53314.3,22.694250106811523,0.635866105556488
53622.42,21.972074508666992,0.16669462621212
53628.37,22.569711685180664,0.785178542137146
53634.37,22.48634529113769,0.9968385100364684
53635.38,22.01543617248535,0.479920357465744
53638.41,21.745779037475582,0.2100785225629806
53639.42,21.88876342773437,0.2651145160198211
53640.38,22.77566146850586,0.4467331171035766
53641.42,22.80775260925293,0.6252372860908508
53655.35,22.39752197265625,0.2912860810756683
53668.35,21.45818328857422,0.2347351908683776
53668.43,22.59243392944336,0.916687309741974
53669.44,21.82953643798828,0.4977240860462188
53671.42,22.232666015625,0.3885317742824554
53673.32,22.62475204467773,0.4140430688858032
53674.32,22.2348861694336,0.3230933248996734
53675.32,22.31268310546875,0.3270069062709808
53676.41,22.03984832763672,0.3843414783477783
53677.34,22.279735565185547,0.2870353162288666
53679.38,21.85748863220215,0.2592670321464538
53680.33,21.97018814086914,0.2670786082744598
53681.37,22.645103454589844,0.3514438271522522
53683.39,22.19416618347168,0.3567701876163482
53697.33,22.151338577270508,0.3137326836585998
53699.35,22.19436264038086,0.3788650333881378
53704.31,22.237773895263672,0.4046779274940491
53975.4,22.31733512878418,0.2627358436584472
53989.41,21.948326110839844,0.6190104484558105
53993.41,22.217199325561523,0.4680328965187073
53994.42,22.315261840820312,0.2381947040557861
53995.45,21.57667732238769,0.2336849421262741
54000.38,21.95432472229004,0.3787625730037689
54007.43,21.76340675354004,0.1980941891670227
54008.36,22.10009956359864,0.2875154614448547
54009.36,22.479124069213867,0.3785423636436462
54010.36,22.400775909423828,0.2178436070680618
54011.42,22.209630966186523,0.2265878319740295
54012.35,21.78097915649414,0.3813188970088959
54012.43,22.47968864440918,0.3706899285316467
54020.36,21.687715530395508,0.3094028532505035
54024.44,22.56805229187012,0.4411131143569946
54028.43,22.002140045166016,0.5440148711204529
54029.43,22.655088424682617,0.4982545971870422
54030.38,22.4068603515625,0.2384531497955322
54031.34,22.621566772460938,0.4219756424427032
54035.43,22.70013999938965,0.6364744901657104
54036.34,22.53583717346192,0.4992874562740326
54037.33,22.5456657409668,0.2949863970279693
54039.34,22.860105514526367,0.6056059002876282
54040.35,22.405691146850582,0.4082580506801605
54041.31,22.3178768157959,0.6495658755302429
54049.37,21.7678165435791,0.4578389227390289
54052.34,22.04534721374512,0.5565747618675232
54055.35,22.4054012298584,0.4006355702877044
54056.34,21.38601493835449,0.1843735724687576
54058.33,22.671445846557617,0.6838603019714355
54059.33,22.55358123779297,0.5484941005706787
54060.36,22.566728591918945,0.9148721694946288
54062.34,21.91683006286621,0.2234381139278412
54068.32,21.64399719238281,0.3557817935943603
54346.42,22.20905876159668,0.6283231377601624
54348.42,22.640281677246094,0.6723776459693909
54355.43,22.33411979675293,0.3151834011077881
54357.38,22.50726127624512,0.3045504093170166
54365.41,22.187049865722656,0.2401530891656875
54376.42,22.26334571838379,0.3330242335796356
54381.43,21.88712882995605,0.2480917572975158
54382.41,21.59361267089844,0.2006532847881317
54384.43,22.26754379272461,0.3430476486682892
54385.42,21.7238712310791,0.1665516346693039
54386.42,22.181396484375,0.3092414140701294
54387.43,21.56571578979492,0.2944811582565307
54392.42,22.06542587280273,0.423296719789505
54393.43,22.840919494628903,0.7940544486045837
54394.41,22.009109497070312,0.3789486587047577
54396.43,22.272964477539062,0.5916427969932556
54405.39,22.228519439697266,0.6712275743484497
54406.33,22.074710845947266,0.3233985602855682
54411.29,21.918739318847656,0.1704454123973846
54412.36,21.56383514404297,0.2469254583120346
54413.33,22.171072006225582,0.3808394968509674
54416.33,21.592538833618164,0.167839765548706
54421.34,22.37405204772949,0.4845778048038482
54423.31,22.217374801635746,0.4689877331256866
54424.27,21.898681640625,0.4272580444812774
51818.37,20.901519775390625,0.0756284222006797
51875.2,21.038793563842773,0.087273932993412
52170.42,20.92088508605957,0.0829200074076652
52173.33,20.936092376708984,0.0953793302178382
52224.32,21.184005737304688,0.0958592817187309
52225.28,21.036251068115234,0.0881539657711982
52234.27,20.90662384033203,0.0896013975143432
52287.12,21.033571243286133,0.0949879065155983
52288.11,20.979358673095703,0.0987630933523178
52522.42,21.375394821166992,0.1301963627338409
52551.39,21.353212356567383,0.1171502470970153
52557.41,21.164905548095703,0.1136997863650322
52558.42,21.16280174255371,0.1020773574709892
52576.25,21.218242645263672,0.1077456697821617
52578.29,20.967809677124023,0.0960775688290596
52585.26,21.295692443847656,0.1006766632199287
52908.38,21.36866569519043,0.1257373690605163
52910.39,21.32609939575196,0.145100936293602
52934.31,21.388242721557617,0.1339708715677261
52935.32,21.563663482666016,0.1587001830339431
52936.31,21.444021224975582,0.1124878004193306
52963.24,21.170690536499023,0.0824778825044632
53270.37,21.517332077026367,0.1490774601697921
53272.42,21.338224411010746,0.1118573471903801
53286.39,21.09990692138672,0.1211978867650032
53288.35,21.367551803588867,0.1116624400019645
53298.4,21.53210830688477,0.1488339751958847
53302.35,21.92024612426757,0.3175374865531921
53312.3,20.978796005249023,0.206026405096054
53314.3,21.297346115112305,0.159582570195198
53351.16,21.489723205566406,0.1495937407016754
53622.42,21.10915756225586,0.0879601165652275
53628.37,21.35403251647949,0.241359680891037
53634.37,21.230897903442383,0.3302137553691864
53635.38,21.28891944885254,0.2056544423103332
53637.37,20.95229148864746,0.18283012509346
53638.41,21.17155647277832,0.1340253055095672
53639.42,21.12094497680664,0.1147640198469162
53640.38,21.2744369506836,0.1221624389290809
53646.44,21.491191864013672,0.1824587732553482
53655.35,21.09124183654785,0.113028772175312
53663.36,21.26618766784668,0.2592102289199829
53663.44,21.07418441772461,0.3542338013648987
53664.37,21.666088104248047,0.417831152677536
53665.34,21.18580818176269,0.2412214577198028
53665.44,20.85807228088379,0.1879863888025283
53666.43,21.087099075317383,0.2656024396419525
53668.35,20.971176147460938,0.1415181308984756
53668.43,20.993776321411133,0.2464871257543563
53669.44,20.739089965820312,0.1627100259065628
53671.42,21.17247772216797,0.1618185341358184
53673.32,21.26702690124512,0.1131932288408279
53674.32,20.92693901062012,0.140651673078537
53675.32,21.117319107055664,0.102946862578392
53676.41,21.004806518554688,0.2222100645303726
53677.34,21.177892684936523,0.0952289998531341
53679.38,20.984888076782227,0.1391425430774688
53680.33,21.22848892211914,0.1176925972104072
53681.37,21.586444854736328,0.1815546005964279
53683.39,21.51611328125,0.17277193069458
53687.27,21.277856826782227,0.3535847663879394
53697.33,21.01951789855957,0.1390982717275619
53698.33,21.38123321533203,0.2179501205682754
53699.35,21.313371658325195,0.1597107648849487
53704.31,21.338104248046875,0.167571946978569
53975.4,21.491729736328125,0.1861426681280136
53989.41,21.448448181152344,0.2961403429508209
53993.41,21.135238647460938,0.1700786352157592
53994.42,21.334548950195312,0.1458540856838226
53995.45,20.962709426879883,0.1273202449083328
53996.4,20.73912048339844,0.1092207133769989
54000.38,21.312145233154297,0.1713071465492248
54007.43,21.42250633239746,0.1536813676357269
54008.36,21.268489837646484,0.1576244980096817
54009.36,21.289888381958008,0.1066150590777397
54010.36,21.482046127319336,0.120721161365509
54011.42,21.28899002075196,0.0957133248448371
54012.35,21.59418296813965,0.2751854062080383
54012.43,21.44949531555176,0.1703137904405594
54020.36,21.577411651611328,0.2897762358188629
54024.44,22.07130241394043,0.3895813226699829
54025.42,20.893308639526367,0.1831481456756591
54028.43,21.137840270996094,0.1987730115652084
54029.43,21.075313568115234,0.1309674829244613
54030.38,21.243484497070312,0.1262165158987045
54031.34,21.268644332885746,0.124156966805458
54035.43,21.26764869689941,0.2303936183452606
54036.34,21.342134475708008,0.1610804945230484
54037.33,21.472597122192383,0.1268486082553863
54039.34,21.16168212890625,0.1284329444169998
54040.35,21.382783889770508,0.1854874640703201
54041.31,21.381084442138672,0.2441862672567367
54048.34,20.85533905029297,0.1676983386278152
54049.37,20.831445693969727,0.2152057439088821
54052.34,21.63210868835449,0.3650232851505279
54053.35,21.5984001159668,0.1976307034492492
54055.35,21.107742309570312,0.1473897844552993
54056.34,21.37833404541016,0.2086665481328964
54058.33,21.19471740722656,0.1722013652324676
54059.33,21.613290786743164,0.2713454663753509
54060.36,21.656877517700195,0.4046108722686767
54061.34,21.03353881835937,0.2513108253479004
54062.34,21.28046417236328,0.1600393056869506
54068.32,21.509716033935547,0.4396806955337524
54348.42,21.520198822021484,0.2597071826457977
54357.38,21.33393096923828,0.1450987160205841
54362.43,20.9002742767334,0.1051362827420234
54376.42,21.07006072998047,0.1267092823982238
54381.43,20.92728614807129,0.091412678360939
54382.41,20.91301345825196,0.1273986548185348
54384.43,20.94863510131836,0.1155023723840713
54385.42,20.963903427124023,0.1201122030615806
54386.42,21.16128921508789,0.1128370687365531
54387.43,20.93208885192871,0.1723584234714508
54391.43,21.44194984436035,0.3673847019672394
54392.42,21.10369300842285,0.1598441302776336
54393.43,20.83380126953125,0.1418845802545547
54394.41,21.153583526611328,0.2000132203102111
54396.29,21.440488815307617,0.6630935072898865
54396.43,21.51255226135254,0.3612333238124847
54402.42,21.6072998046875,0.5283229947090149
54403.34,21.10564041137696,0.3340976536273956
54404.4,20.577720642089844,0.5184293985366821
54406.33,21.13250160217285,0.1173599436879158
54411.29,20.969358444213867,0.0871025919914245
54412.36,20.82313346862793,0.1008223369717598
54413.33,21.003841400146484,0.1695262342691421
54415.34,21.367185592651367,0.1150474026799202
54416.33,21.12661361694336,0.1021685525774955
54417.33,21.2561149597168,0.1201284974813461
54418.33,21.039024353027344,0.16185262799263
54421.34,21.45938491821289,0.247773990035057
54422.34,21.34877014160156,0.1853722482919693
54423.31,21.14113044738769,0.1625235229730606
54424.27,20.863975524902344,0.1522045880556106
54433.34,20.988889694213867,0.3387713134288788
51818.37,20.32291412353516,0.0491250753402709
52170.42,20.531383514404297,0.0583917647600173
52173.33,20.58624839782715,0.0689795389771461
52224.31,20.46876335144043,0.0553595423698425
52225.28,20.58558654785156,0.05795668810606
52261.23,20.52469062805176,0.0655211210250854
52287.11,20.58770751953125,0.0606338009238243
52288.11,20.52781867980957,0.0669259652495384
52522.42,20.589479446411133,0.0616951808333396
52551.39,20.60971641540528,0.0593052804470062
52557.41,20.49222946166992,0.0636234581470489
52558.42,20.62899208068848,0.0576286055147647
52576.25,20.65095901489257,0.0647823065519332
52578.29,20.66509056091309,0.0672126710414886
52585.25,20.613161087036133,0.0602413527667522
52910.39,20.48083877563477,0.0679252669215202
52912.36,20.392656326293945,0.0575527213513851
52935.32,20.47736549377441,0.0731901675462722
52936.31,20.48319435119629,0.0644507631659507
52963.24,20.57203865051269,0.0482071079313755
53286.39,20.507795333862305,0.0702961236238479
53288.35,20.422548294067383,0.0519323050975799
53296.35,20.549680709838867,0.0738460645079612
53302.35,20.52692222595215,0.0940860584378242
53351.16,20.52476692199707,0.0641535073518753
53622.42,20.56563949584961,0.0604247860610485
53634.37,20.66523170471192,0.1887052506208419
53635.38,20.77054977416992,0.1241803765296936
53637.37,20.641000747680664,0.1409348249435424
53638.41,20.69740104675293,0.0812225490808487
53640.38,20.715845108032227,0.0785818323493003
53641.42,20.58284568786621,0.072430282831192
53646.44,20.956762313842773,0.0974964424967765
53655.35,20.79955673217773,0.079359121620655
53663.36,20.509315490722656,0.1822108626365661
53664.37,20.72513771057129,0.1615877747535705
53665.34,20.53536796569824,0.1251550018787384
53666.43,20.68219947814941,0.1407706886529922
53668.35,20.514060974121094,0.0992947667837143
53668.43,20.740861892700195,0.1835751831531524
53669.44,20.46452140808105,0.128198817372322
53671.42,20.797237396240234,0.108411781489849
53673.32,20.62710762023925,0.061837613582611
53674.32,20.73196220397949,0.0964654013514518
53676.41,20.62787437438965,0.1544123739004135
53677.34,20.60696601867676,0.0605389773845672
53679.38,20.65146827697754,0.0935633778572082
53680.33,20.62285423278809,0.0662280321121215
53681.37,21.051193237304688,0.0990834981203079
53683.38,20.75788116455078,0.0821813493967056
53697.33,20.59280586242676,0.0917583554983139
53698.32,20.676469802856445,0.118033267557621
53975.4,20.67489624023437,0.0750774890184402
53994.42,20.599119186401367,0.0697877705097198
53996.4,19.99163246154785,0.0604571364820003
54007.43,20.46588134765625,0.0630535632371902
54008.36,20.6110897064209,0.0790393576025962
54010.36,20.58764266967773,0.0544899106025695
54011.42,20.60920143127441,0.0558678731322288
54012.35,20.76906967163086,0.1327999681234359
54020.36,20.465274810791016,0.1117151826620101
54024.44,20.778207778930664,0.0919871926307678
54025.42,19.96716690063477,0.0867145434021949
54028.43,20.52043914794922,0.0887561663985252
54029.43,20.618953704833984,0.0747813880443573
54030.38,20.751585006713867,0.0627450048923492
54031.34,20.51834487915039,0.0613411106169223
54035.43,20.829883575439453,0.1293021291494369
54036.34,20.476322174072266,0.0740350112318992
54037.33,20.54185104370117,0.059293258935213
54039.34,20.63015556335449,0.0703911334276199
54040.35,20.60523223876953,0.0923848003149032
54041.31,20.6406307220459,0.1330031603574752
54047.38,21.17710304260254,0.6795702576637268
54048.33,20.55701446533203,0.1093270406126976
54049.37,20.41547966003418,0.1285768449306488
54052.34,20.603986740112305,0.123851329088211
54055.35,20.75450134277344,0.0859642475843429
54058.33,20.432559967041016,0.0752197280526161
54059.33,20.439395904541016,0.0861888751387596
54060.36,20.844640731811523,0.1700451970100402
54061.34,20.470945358276367,0.1459604650735855
54062.34,20.65195274353028,0.0815778076648712
54065.33,20.86192321777344,0.151877760887146
54068.32,20.679176330566406,0.1314916014671325
54346.41,20.417539596557617,0.1143032684922218
54348.42,20.4522762298584,0.0913222879171371
54357.38,20.435300827026367,0.0637342929840087
54362.43,20.442466735839844,0.0551726408302784
54365.41,20.48811721801757,0.0553444623947143
54376.42,20.57537269592285,0.0842115879058837
54381.43,20.625560760498047,0.0613115653395652
54382.41,20.408058166503903,0.0738013386726379
54384.43,20.36814308166504,0.0638294517993927
54385.42,20.38080787658692,0.0621945299208164
54386.42,20.35643768310547,0.0607197880744934
54387.42,20.70186233520508,0.120737187564373
54391.42,20.43892478942871,0.1380275040864944
54392.42,20.261398315429688,0.0637383982539177
54394.41,20.50544166564941,0.1024284362792968
54402.42,20.46255683898925,0.2144678980112075
54403.34,20.29828834533692,0.3006405830383301
54404.39,20.14223289489746,0.1357994824647903
54405.39,20.239971160888672,0.084466852247715
54406.33,20.31014442443848,0.0562321506440639
54411.29,20.38312149047852,0.0621713697910308
54412.36,20.358667373657227,0.0611114352941513
54413.33,20.273944854736328,0.0772748365998268
54415.34,20.49237823486328,0.0559512376785278
54416.33,20.26677322387696,0.0526611022651195
54417.33,20.28724670410156,0.0589817129075527
54418.33,20.31096839904785,0.0844056829810142
54421.33,20.287338256835938,0.0730329677462577
54422.33,20.346694946289062,0.0757798701524734
54423.31,20.34897422790528,0.0755294188857078
54424.27,20.707422256469727,0.1351436078548431
54433.33,20.24237823486328,0.1800429224967956
51818.37,22.163801193237305,0.2482207119464874
51875.19,21.91120147705078,0.1668213605880737
52170.42,22.19868469238281,0.228978157043457
52173.33,21.89093589782715,0.2176063805818557
52224.31,21.71525001525879,0.1403199732303619
52225.28,22.138242721557617,0.1944480985403061
52234.27,22.334848403930664,0.2753222584724426
52261.23,22.60133552551269,0.3114823698997497
52287.11,21.793535232543945,0.1381992101669311
52288.11,22.03236198425293,0.1867126822471618
52557.4,22.24440193176269,0.2616827189922333
52558.42,22.330989837646484,0.212336927652359
52576.25,21.64525604248047,0.1336749047040939
52578.29,21.957969665527344,0.1847237646579742
52585.25,21.77224349975586,0.1671704649925232
52908.38,21.717817306518555,0.156871497631073
52910.39,21.47712135314941,0.1600475758314132
52912.36,22.05764961242676,0.2282701432704925
52934.31,21.799793243408203,0.1801861375570297
52935.31,21.635547637939453,0.1850897371768951
52936.31,21.7691707611084,0.1372480243444442
52963.24,22.06305694580078,0.1540054529905319
53270.37,21.999475479125977,0.2065972536802292
53272.42,21.808853149414062,0.2134048789739608
53286.39,21.54949188232422,0.1818325221538543
53288.35,21.801393508911133,0.1838279962539672
53296.34,21.91659164428711,0.2154720872640609
53298.39,21.701282501220703,0.1623267978429794
53302.34,21.574138641357425,0.2518771290779114
53312.3,21.849838256835938,0.4041955173015594
53314.3,22.069808959960938,0.2754483520984649
53351.16,22.343936920166016,0.3198195993900299
53622.42,22.006797790527344,0.1743228584527969
53628.37,21.860939025878903,0.3802820444107055
53635.37,21.883018493652344,0.3247441351413727
53637.37,22.771774291992188,0.8035786151885986
53638.41,21.691057205200195,0.1780647188425064
53639.41,21.501766204833984,0.1550050675868988
53640.37,22.342012405395508,0.3678686320781708
53641.41,21.71941566467285,0.1860185265541076
53646.43,22.324050903320312,0.3409260213375091
53655.34,21.77788734436035,0.1727895885705948
53663.35,22.002670288085938,0.5000980496406555
53664.37,21.45410919189453,0.339282751083374
53665.33,21.503559112548828,0.2959366738796234
53666.42,21.689104080200195,0.3618963360786438
53668.34,21.48239517211914,0.2134303897619247
53668.42,21.78292655944824,0.4789400696754455
53669.43,21.701929092407227,0.348022997379303
53671.41,21.400123596191406,0.1589205414056778
53673.32,21.367542266845703,0.1126492395997047
53674.31,21.482986450195312,0.1887386590242386
53675.31,21.91378402709961,0.2149457782506942
53676.4,21.910369873046875,0.229241207242012
53677.33,21.51865768432617,0.1209204718470573
53680.32,21.69046401977539,0.1338075101375579
53681.37,21.53886032104492,0.1466816961765289
53683.38,21.826377868652344,0.2292215675115585
53687.27,22.26449584960937,0.7590389251708984
53697.32,21.811325073242188,0.2419374287128448
53698.32,22.00174903869629,0.3110686838626861
53699.34,22.429916381835938,0.3677094876766205
53704.31,21.97413825988769,0.2375125288963318
53975.39,22.22752952575684,0.2796352505683899
53989.4,21.5317325592041,0.3640375733375549
53993.41,22.051612854003903,0.5765669941902161
53994.42,21.60346221923828,0.1607500165700912
53995.44,21.34984970092773,0.1754606962203979
54000.38,21.71807289123535,0.1697646379470825
54007.43,21.61935043334961,0.1581134647130966
54008.36,21.48029899597168,0.1783612966537475
54009.35,21.78339958190918,0.1509766280651092
54010.35,21.432008743286133,0.1208089888095855
54011.42,22.24518394470215,0.191162571310997
54020.35,22.23333740234375,0.4609493911266327
54024.43,22.165327072143555,0.2848125398159027
54025.42,21.150436401367188,0.2190892845392227
54028.42,21.730234146118164,0.2078387588262558
54029.43,22.04319953918457,0.3206077218055725
54030.35,21.85310935974121,0.1679627895355224
54030.38,22.083955764770508,0.1860700845718383
54031.33,21.8310546875,0.196399837732315
54035.42,21.617151260375977,0.2153632491827011
54036.34,22.297435760498047,0.2846684455871582
54037.33,21.97523307800293,0.1783107668161392
54039.34,22.15059280395508,0.2598262131214142
54040.34,22.454832077026367,0.5089636445045471
54041.31,20.999454498291016,0.1686553955078125
54048.33,21.467430114746094,0.2250065803527832
54049.37,21.4681339263916,0.3383841216564178
54052.33,21.1369571685791,0.2112185359001159
54053.35,21.916183471679688,0.3011447489261627
54055.35,21.15084457397461,0.1727536171674728
54056.33,21.376649856567383,0.187266319990158
54058.33,21.49261283874512,0.1987728923559188
54060.35,21.53352165222168,0.3055796027183532
54065.33,21.88780975341797,0.3521776497364044
54346.41,21.285621643066406,0.2475668489933014
54348.41,21.971099853515625,0.3033928275108337
54355.42,21.74640846252441,0.1466379314661026
54362.42,21.95193862915039,0.1737050265073776
54365.4,21.612680435180664,0.1169424504041671
54376.42,21.813093185424805,0.2299755364656448
54381.42,21.680538177490234,0.1479209065437317
54382.4,22.26342391967773,0.3319339454174042
54385.42,21.65001678466797,0.1493683755397796
54386.41,21.71934700012207,0.1712709665298462
54392.42,21.34877014160156,0.1690795421600341
54393.42,21.703325271606445,0.1835611313581466
54394.4,21.79110336303711,0.2852813303470611
54396.42,21.51412010192871,0.3356846570968628
54405.39,21.337644577026367,0.1807381957769394
54406.33,21.44835090637207,0.1493465155363083
54411.29,21.70109939575196,0.1546599268913269
54413.33,21.833703994750977,0.2608883678913116
54415.34,22.227842330932617,0.2501624524593353
54417.33,21.919836044311523,0.1836135983467102
54418.33,21.565853118896484,0.2104058712720871
54422.33,21.931764602661133,0.2791471183300018
54423.31,21.941118240356445,0.2805938720703125
54424.27,22.0651798248291,0.4817465245723724
54433.33,20.748985290527344,0.2915701270103454
51818.36,21.61248779296875,0.1290105432271957
51875.19,21.893129348754883,0.1628030240535736
52170.41,21.656543731689453,0.1548730283975601
52173.33,21.49494743347168,0.169102743268013
52224.31,21.416000366210938,0.1291992962360382
52225.27,21.40079689025879,0.1090826168656349
52234.26,21.38303565979004,0.130686730146408
52261.23,21.5338191986084,0.1455838084220886
52282.16,21.47475814819336,0.1870124638080597
52287.11,21.881179809570312,0.1860985159873962
52288.11,21.31302070617676,0.1008543595671653
52522.41,21.78336906433105,0.1494810581207275
52551.38,21.80258750915528,0.1690936982631683
52557.4,21.72065544128418,0.1851659715175628
52558.41,21.530366897583008,0.1059507727622985
52576.25,21.600833892822266,0.1264634579420089
52578.29,21.594602584838867,0.1299004554748535
52585.25,21.5914363861084,0.1075443997979164
52908.38,21.76877784729004,0.1838069558143615
52910.39,21.57125663757324,0.1368149220943451
52912.36,21.90568923950196,0.2398381680250167
52934.31,21.715967178344727,0.1855229586362838
52935.31,21.76309394836425,0.1738015860319137
52936.3,21.698204040527344,0.14336958527565
52963.24,21.718061447143555,0.1094974130392074
53270.37,21.4730224609375,0.1581902354955673
53272.42,21.91521453857422,0.2449114918708801
53286.39,21.84722137451172,0.2609088718891144
53288.34,21.609926223754883,0.1393250375986099
53296.34,22.05441665649414,0.2985769510269165
53298.39,22.19948387145996,0.2506981492042541
53302.34,21.88633728027344,0.3864374756813049
53312.3,21.506134033203125,0.2939485907554626
53314.3,21.622045516967773,0.2262959331274032
53351.16,21.651893615722656,0.163738876581192
53622.42,21.64484977722168,0.1145127192139625
53635.37,21.945987701416016,0.3463884592056274
53637.36,21.320444107055664,0.2173330634832382
53638.41,21.39941596984864,0.1258001923561096
53639.41,21.18313980102539,0.1222342327237129
53640.37,21.48674392700196,0.1441745162010193
53641.41,21.430221557617188,0.1506673693656921
53646.43,21.6801872253418,0.1661053448915481
53655.34,21.381555557250977,0.110055111348629
53663.35,21.1112003326416,0.2317375540733337
53663.43,21.41677474975586,0.3645311892032623
53664.37,21.416831970214844,0.3138640820980072
53665.33,21.03883171081543,0.1737998723983764
53665.43,21.5776481628418,0.3116574883460998
53666.42,21.971006393432617,0.4930619299411773
53668.34,21.328771591186523,0.1968535184860229
53668.42,21.281980514526367,0.2862254083156585
53669.33,21.602615356445312,0.231949120759964
53669.43,22.12345695495605,0.5720276832580566
53671.41,21.29630851745605,0.1495659500360489
53673.31,21.44834518432617,0.1246711835265159
53674.31,21.551454544067383,0.1614885479211807
53675.31,21.454071044921875,0.1762795448303222
53676.4,21.26732635498047,0.1410142034292221
53677.33,21.37032699584961,0.129372626543045
53680.32,21.362592697143555,0.1358125209808349
53681.36,21.41171836853028,0.1206726431846618
53683.38,21.424015045166016,0.2020467519760131
53687.27,21.55377197265625,0.3868527710437774
53697.32,21.45459747314453,0.1768304109573364
53698.32,21.49155044555664,0.1984664052724838
53699.34,21.69353485107422,0.2005653977394104
53704.3,21.360795974731445,0.1680914759635925
53975.39,21.631685256958008,0.1381941884756088
53989.4,21.48852157592773,0.339339941740036
53994.41,21.405635833740234,0.1355927586555481
53995.44,21.01438331604004,0.1381372064352035
53996.4,20.61045455932617,0.0946226418018341
54000.38,21.566390991210938,0.1984970867633819
54007.43,21.407634735107425,0.1731132417917251
54008.36,21.208066940307617,0.1284054666757583
54009.35,21.36876106262207,0.126873031258583
54010.35,21.149707794189453,0.0850133746862411
54011.41,21.39740943908692,0.1096757128834724
54012.34,21.12147521972656,0.1963868588209152
54020.35,21.214920043945312,0.2147691547870636
54024.43,21.74361801147461,0.2211904972791671
54025.41,20.74974822998047,0.1477392315864563
54028.42,21.701416015625,0.1690500229597091
54029.42,21.28390312194824,0.1580583900213241
54030.34,21.29315948486328,0.1043900325894355
54030.38,21.31080436706543,0.0927010923624038
54031.33,21.481674194335938,0.1575378030538559
54035.42,21.624256134033203,0.1920284628868103
54036.34,21.32412910461425,0.1750328242778778
54037.33,21.35986328125,0.1076830029487609
54039.33,21.23358917236328,0.1347472220659256
54040.34,21.323633193969727,0.183179572224617
54041.3,21.44609260559082,0.2699693739414215
54048.33,21.22972869873047,0.203608289361
54049.37,21.58993148803711,0.323837012052536
54052.33,21.405405044555664,0.2805458009243011
54053.35,21.17974090576172,0.1429108679294586
54055.34,21.07722854614257,0.1860744953155517
54056.33,21.70993423461914,0.180401936173439
54058.33,20.993383407592773,0.1549542695283889
54059.33,21.588823318481445,0.1697882711887359
54060.35,21.31153106689453,0.3176347613334656
54061.34,21.505033493041992,0.2574560344219208
54062.33,21.42384910583496,0.1156369373202323
54063.32,21.178491592407227,0.248973399400711
54065.33,21.250152587890625,0.1965137720108032
54068.31,22.30926322937012,0.4880114197731018
54346.41,21.03396987915039,0.2214986383914947
54348.41,20.78194808959961,0.135070115327835
54355.42,21.11741828918457,0.110328197479248
54357.37,21.27849006652832,0.0882300361990928
54362.42,21.15055084228516,0.0849969610571861
54365.4,21.03861427307129,0.0870459824800491
54376.41,21.16090965270996,0.1242224425077438
54381.42,21.20667839050293,0.1104112267494201
54382.4,21.35248756408692,0.1333272755146026
54384.43,21.36387252807617,0.1507910341024398
54385.42,21.196781158447266,0.1025133430957794
54386.41,21.146240234375,0.153603121638298
54387.42,21.568498611450195,0.2648250758647918
54391.42,20.94666862487793,0.1743075251579284
54392.41,21.048486709594727,0.1417315602302551
54393.42,20.97941398620605,0.1167682334780693
54394.4,21.05380249023437,0.1348157674074173
54396.28,21.078752517700195,0.4861260652542114
54396.42,21.27925109863281,0.3199962973594665
54402.41,21.60217666625977,0.5047917366027832
54403.33,20.923961639404297,0.4869637489318847
54404.39,21.22679710388184,0.4848878383636474
54405.39,21.199264526367188,0.2083319276571273
54406.32,21.061199188232425,0.1150231212377548
54411.28,21.13484764099121,0.0906106829643249
54412.35,21.276531219482425,0.1625981628894806
54413.32,21.114707946777344,0.1428871005773544
54415.34,21.129615783691406,0.0918259620666503
54416.32,21.26861953735352,0.1197915226221084
54417.33,21.101408004760746,0.0962262526154518
54418.32,21.30912208557129,0.1376331597566604
54421.33,21.014049530029297,0.1348649263381958
54422.33,21.2443790435791,0.1244132220745086
54423.31,21.186752319335938,0.1757176369428634
54424.26,21.15404891967773,0.1476579457521438
54433.33,20.720674514770508,0.3411338031291961
51818.35,21.8847770690918,0.1604181230068206
52170.4,23.32612037658692,0.5842815041542053
52173.32,21.961387634277344,0.2757574915885925
52224.3,22.997447967529297,0.5274922251701355
52225.26,22.7766342163086,0.3379409313201904
52231.28,22.70641326904297,0.3362213969230652
52234.26,23.55976676940918,0.7709355354309082
52261.22,22.435380935668945,0.2954243421554565
52282.15,22.160551071166992,0.2916804850101471
52287.1,22.730987548828125,0.3600090146064758
52288.1,22.11195945739746,0.210514411330223
52522.4,21.844690322875977,0.1516442596912384
52551.37,21.989160537719727,0.1954301297664642
52557.39,21.86115455627441,0.1949604004621505
52558.4,22.02798652648925,0.163386732339859
52576.24,22.08987045288086,0.2241008281707763
52577.29,21.94152069091797,0.1696405112743377
52585.24,21.757999420166016,0.1255574375391006
52908.37,23.35959243774414,0.677431046962738
52910.38,21.856590270996094,0.2023177593946457
52912.35,23.376495361328125,0.9176831245422364
52934.3,23.13351821899414,0.6688218712806702
52935.3,21.997129440307617,0.2093576788902282
52936.29,22.3663330078125,0.2506252825260162
52963.23,22.04521942138672,0.1369889378547668
53270.36,22.437917709350582,0.3703601062297821
53286.38,21.82733154296875,0.235360711812973
53288.34,22.70271682739257,0.3483325541019439
53294.38,21.75154495239257,0.2069096714258194
53296.33,21.65593910217285,0.2211142629384994
53298.38,21.828935623168945,0.2277111858129501
53302.33,21.65723991394043,0.292962908744812
53312.29,21.212949752807617,0.2219039052724838
53314.29,22.53216361999512,0.4570920765399933
53351.15,22.05766487121582,0.2298381179571151
53622.41,22.45220375061035,0.2671017050743103
53637.36,22.86437225341797,0.8712409138679504
53638.4,23.670122146606445,0.8635773658752441
53639.4,22.5621395111084,0.3710232377052307
53640.36,22.88739776611328,0.4480132758617401
53641.4,22.815542221069336,0.5123457312583923
53646.42,22.862892150878903,0.3518351912498474
53655.33,22.506196975708008,0.3618615865707397
53665.42,21.617826461791992,0.3484658300876617
53669.32,22.99352264404297,0.4740321636199951
53673.31,22.31735610961914,0.2419701665639877
53674.3,22.67616081237793,0.4889496862888336
53675.3,22.84337615966797,0.4670227468013763
53676.39,23.0515079498291,0.5166869163513184
53680.31,22.45063591003418,0.3334535658359527
53681.35,22.70102500915528,0.339909940958023
53697.31,21.987293243408203,0.2719033658504486
53698.31,22.255294799804688,0.3251324892044067
53704.3,22.539981842041016,0.4378253519535064
53975.38,22.493053436279297,0.352834552526474
53994.4,22.558752059936523,0.3164610862731933
53995.43,22.415781021118164,0.4507376253604889
53996.39,21.65110969543457,0.2709462642669678
54000.37,22.36023712158203,0.4984146654605865
54007.42,23.15111541748047,0.6023496985435486
54008.35,22.23677444458008,0.2941493690013885
54009.34,22.48615074157715,0.3449153900146484
54010.34,22.537071228027344,0.2170993089675903
54011.41,22.077280044555664,0.1975750476121902
54012.34,22.462974548339844,0.646518886089325
54020.34,22.64281463623047,0.742181122303009
54024.42,22.21862030029297,0.3880486488342285
54028.41,22.33675765991211,0.2677172422409057
54029.33,21.86920738220215,0.2016968727111816
54030.33,22.31366729736328,0.190835103392601
54031.32,21.88427925109864,0.1828578859567642
54035.41,22.399866104125977,0.4362847506999969
54036.33,22.765108108520508,0.6568675637245178
54037.32,22.073680877685547,0.1704583764076233
54039.32,22.31569480895996,0.3288052082061767
54040.33,22.007057189941406,0.3711492419242859
54049.36,22.55731773376465,0.850408136844635
54052.32,21.77989959716797,0.3628388345241546
54053.32,22.51128387451172,0.3055212795734405
54053.34,22.32470893859864,0.314050018787384
54055.34,22.25180053710937,0.4649121165275574
54056.32,23.48456382751465,0.8813570141792297
54058.32,22.01399040222168,0.3293240666389465
54059.32,22.454444885253903,0.3672189116477966
54061.33,22.640399932861328,0.6676530838012695
54062.32,22.37071228027344,0.2406240999698639
54063.31,22.466938018798828,0.3831855058670044
54068.3,21.82242012023925,0.3524077832698822
54346.4,21.34022331237793,0.2774802446365356
54348.4,21.37999725341797,0.1914537250995636
54357.36,22.16221618652344,0.1783249080181121
54359.39,22.004762649536133,0.2821370363235473
54362.41,22.27293968200684,0.2045238614082336
54365.39,21.591402053833008,0.1636281162500381
54376.41,21.37401390075684,0.1679804623126983
54381.41,22.060523986816406,0.2734427452087402
54382.39,22.21050071716309,0.29384645819664
54384.42,21.90472984313965,0.2342629581689834
54385.41,21.79891967773437,0.1715798676013946
54386.4,21.8419189453125,0.2654354870319366
54387.41,22.3135986328125,0.5155531167984009
54392.4,21.782514572143555,0.3063169121742248
54393.41,21.56541633605957,0.1831995546817779
54394.39,21.91101837158203,0.3302047848701477
54396.41,21.54327392578125,0.4954797625541687
54402.4,22.11454963684082,0.805858850479126
54404.38,22.373401641845703,0.6809414029121399
54405.38,22.123455047607425,0.4332695007324219
54406.31,22.1717529296875,0.2732172012329101
54411.27,21.85294914245605,0.1536659598350525
54412.34,21.66226959228516,0.2770191729068756
54413.32,21.93105125427246,0.2964171469211578
54415.33,21.542865753173828,0.1916171759366989
54416.31,21.590072631835938,0.1530846357345581
54417.32,21.79442024230957,0.15176822245121
54418.32,22.10481834411621,0.2744880020618438
54421.32,22.20444107055664,0.4300981163978576
54422.32,21.99978828430176,0.2828069925308227
54423.3,22.59842109680176,0.7219781279563904
54424.26,21.939186096191406,0.3907119929790497
51818.35,22.29497718811035,0.339760422706604
52173.31,21.707353591918945,0.2130488157272339
52196.4,21.632402420043945,0.1812095791101455
52207.36,21.66371726989746,0.1740821599960327
52225.26,21.67197227478028,0.1513275653123855
52231.28,21.630630493164062,0.1491890251636505
52234.25,21.58977127075196,0.1348900645971298
52287.09,21.51254653930664,0.1381768435239792
52288.09,21.44635391235352,0.1145945489406585
52522.39,21.787334442138672,0.1530948430299759
52551.36,22.034433364868164,0.2214257717132568
52552.41,21.69717597961425,0.1952307820320129
52557.38,22.254127502441406,0.287596583366394
52558.4,21.820831298828125,0.1426582336425781
52576.23,22.393299102783203,0.2370334416627884
52577.28,22.123476028442383,0.19368676841259
52585.23,22.19426155090332,0.1978367120027542
52908.36,22.8398551940918,0.4501376748085022
52910.37,22.81729316711425,0.3465934097766876
52912.34,23.6800479888916,0.9696983695030212
52934.29,22.372079849243164,0.367950826883316
52935.3,22.672950744628903,0.3562937974929809
52936.29,22.46593475341797,0.2681252360343933
52963.22,22.785831451416016,0.2461283802986145
52971.21,22.174610137939453,0.2389341443777084
53270.35,22.3190975189209,0.3075428903102875
53288.33,23.107500076293945,0.5367604494094849
53296.32,22.626039505004883,0.5783354043960571
53298.37,23.4890365600586,0.8549994230270386
53314.28,21.750532150268555,0.2037159502506256
53351.14,23.11891746520996,0.4494369029998779
53628.35,21.882400512695312,0.3786916434764862
53637.35,22.587390899658203,0.6591840982437134
53638.39,22.63452911376953,0.4248737096786499
53639.39,22.54095268249512,0.356801837682724
53640.35,22.14186286926269,0.2086063772439956
53641.39,21.7696475982666,0.1969465166330337
53646.41,23.32806205749512,0.5307033658027649
53655.32,22.6960678100586,0.4324047565460205
53663.34,21.894983291625977,0.4370043873786926
53668.33,22.505016326904297,0.5791934728622437
53669.31,21.94532966613769,0.1557469815015792
53671.39,22.48629570007324,0.4588742256164551
53673.3,21.984264373779297,0.211386889219284
53674.29,22.380847930908203,0.4269617795944214
53675.29,22.35787010192871,0.2810110449790954
53676.38,21.7096004486084,0.216587096452713
53677.32,22.186355590820312,0.2467319518327713
53680.3,21.97276496887207,0.1974024176597595
53681.35,21.904170989990234,0.1710071414709091
53685.31,22.17533302307129,0.3160302340984344
53697.3,22.558732986450195,0.4144672453403473
53698.3,22.551734924316406,0.4358597099781036
53705.29,22.238380432128903,0.2666671276092529
53975.37,22.53692054748535,0.2633396089076996
53994.4,22.60887718200684,0.4009115099906921
53995.42,22.082151412963867,0.3223141431808471
53996.38,21.599687576293945,0.2881083786487579
54007.41,22.69142341613769,0.5008413195610046
54008.34,22.914569854736328,0.4398602545261383
54009.33,23.011642456054688,0.549077570438385
54010.33,23.15809440612793,0.410432755947113
54011.4,22.421253204345703,0.2596068084239959
54012.33,22.658445358276367,0.7413662672042847
54025.4,21.834396362304688,0.376855731010437
54028.4,22.41119384765625,0.3837552666664123
54029.33,23.141796112060547,0.6679153442382812
54030.33,23.00322914123535,0.3353111147880554
54031.31,23.890872955322266,0.8024430274963379
54037.31,22.878353118896484,0.3611594438552856
54039.32,23.00531959533692,0.7155061960220337
54053.31,23.326828002929688,0.6498426198959351
54056.32,22.832597732543945,0.683905839920044
54058.31,22.708852767944336,0.5558249950408936
54059.31,22.98303985595703,0.5710654854774475
54062.31,22.9915828704834,0.4087760746479034
54063.3,22.27156448364257,0.3059795796871185
54346.39,22.64713859558105,0.8682098984718323
54348.39,22.333984375,0.4307297468185425
54357.35,22.143423080444336,0.2050565183162689
54359.38,22.321123123168945,0.3163226544857025
54362.4,22.386438369750977,0.246282011270523
54365.38,22.00864219665528,0.2159177809953689
54376.4,21.95573806762696,0.2440717667341232
54381.4,21.606279373168945,0.2519943118095398
54382.38,21.5161361694336,0.1884565949440002
54384.41,22.15974235534668,0.325919359922409
54385.4,21.72763061523437,0.1611640602350235
54386.4,21.35138702392578,0.1667274236679077
54391.4,21.52367210388184,0.3100444078445434
54392.4,21.70559501647949,0.3819659948348999
54393.4,21.337060928344727,0.1485067456960678
54394.38,21.133214950561523,0.1742303520441055
54396.27,21.58874893188477,0.6978740096092224
54402.39,21.52884864807129,0.4840465188026428
54404.37,20.69917297363281,0.1624674648046493
54405.37,21.93713760375977,0.4411810338497162
54406.31,21.49716567993164,0.1568568348884582
54411.27,21.50177383422852,0.121526189148426
54412.33,21.453144073486328,0.1952941566705703
54413.31,21.6206111907959,0.2286611646413803
54415.32,21.51272392272949,0.1236523017287254
54416.31,21.58263397216797,0.1705830693244934
54417.31,21.37212562561035,0.1203266233205795
54418.31,21.630783081054688,0.1932010501623153
54421.31,21.07581329345703,0.1508112996816635
54422.31,21.709373474121094,0.1864060908555984
54423.29,21.718544006347656,0.3106290400028229
54424.25,21.86215209960937,0.3204618096351623
51464.2,20.538715362548828,0.0548003911972045
52172.29,20.18926239013672,0.0471815951168537
52172.34,20.20392227172852,0.0590706393122673
52197.23,20.03300666809082,0.042603962123394
52577.12,19.95377922058105,0.0443722307682037
52578.12,19.964645385742188,0.0423741862177848
52586.13,20.04599952697754,0.0403136573731899
52929.15,19.84687232971192,0.0398410931229591
52931.14,19.95541000366211,0.0365994200110435
52934.13,19.98744201660156,0.0447392612695694
52935.13,19.979660034179688,0.0446163453161716
52936.13,20.05646705627441,0.0414424277842044
53243.31,19.85261344909668,0.0467671193182468
53270.19,19.96398162841797,0.0527707152068614
53272.24,19.804903030395508,0.0718896612524986
53288.17,19.965240478515625,0.0504700765013694
53294.19,20.04926872253418,0.0536143071949481
53302.16,19.845502853393555,0.0689599364995956
53312.12,19.9357852935791,0.0603718720376491
53313.13,19.906776428222656,0.0470243543386459
53314.12,20.07560539245605,0.0489751026034355
53623.21,20.649866104125977,0.0677049830555915
53625.23,20.457977294921875,0.0581053718924522
53626.2,20.715282440185547,0.1132452934980392
53635.19,20.38697052001953,0.0723918825387954
53636.19,20.626117706298828,0.0696887671947479
53637.19,20.716148376464844,0.0881091356277465
53654.21,20.447587966918945,0.0792449861764907
53655.16,20.506290435791016,0.1273623555898666
53665.15,21.74156951904297,0.1654307395219802
53668.16,20.243757247924805,0.0630839318037033
53669.15,20.219623565673828,0.0467225946485996
53670.17,20.278409957885746,0.0544122532010078
53671.23,20.13593864440918,0.0881023406982421
53673.14,20.24792861938477,0.054224856197834
53674.13,20.228246688842773,0.0465228930115699
53675.13,20.097415924072266,0.0461607575416564
53676.22,20.1677474975586,0.0517035722732543
53677.15,20.145797729492188,0.0480992421507835
53680.14,20.119382858276367,0.0456402227282524
53681.18,20.202686309814453,0.0518707521259784
53685.14,20.39170837402344,0.1154053211212158
53687.18,19.773452758789062,0.102247342467308
53693.14,20.046430587768555,0.0816218182444572
53697.14,21.69970321655273,0.1774793267250061
53704.13,20.02564811706543,0.0494781993329525
53989.22,20.061504364013672,0.0768786668777465
53993.28,19.94807815551757,0.0531056337058544
53995.21,19.377098083496094,0.0434265434741973
53996.22,19.50985717773437,0.0410085432231426
53997.19,19.44585227966309,0.0499329753220081
53998.19,19.93404197692871,0.0404895320534706
54000.2,19.82565116882324,0.0491281375288963
54007.17,20.09380531311035,0.047516256570816
54008.18,20.00086212158203,0.0533112771809101
54009.17,20.092714309692383,0.0534407123923301
54011.24,19.83357620239257,0.0623328723013401
54012.17,19.985408782958984,0.1037356331944465
54019.19,20.128910064697266,0.0583522953093051
54022.22,20.115766525268555,0.0772294402122497
54025.24,19.44574737548828,0.0623275451362133
54028.16,19.86349105834961,0.0507329478859901
54029.17,19.90859603881836,0.0413424968719482
54030.17,19.89752960205078,0.0396011732518672
54031.15,20.06169509887696,0.0439403019845485
54035.24,20.08755874633789,0.0766599178314209
54036.16,19.866050720214844,0.0565543435513973
54037.15,19.86607551574707,0.0582633540034294
54039.16,19.9127254486084,0.0855581983923912
54040.16,19.817750930786133,0.0842439457774162
54041.16,20.169727325439453,0.218087688088417
54050.15,19.875856399536133,0.0465326346457004
54051.14,19.72034454345703,0.0976840406656265
54052.15,19.81890106201172,0.0521770678460598
54053.15,19.84101676940918,0.0464357696473598
54054.17,19.845319747924805,0.0844756737351417
54056.15,19.812435150146484,0.0777517706155777
54057.12,19.74187088012696,0.0431413054466247
54058.15,19.798139572143555,0.0611709356307983
54059.15,19.866357803344727,0.060012549161911
54060.17,19.88570022583008,0.0446831323206424
54061.16,19.775854110717773,0.0494286455214023
54062.15,19.79027366638184,0.0590231493115425
54063.14,19.758241653442383,0.0488693974912166
54068.14,19.81058120727539,0.1492220312356948
54348.22,20.401865005493164,0.0679777115583419
54356.24,20.265674591064453,0.0593241453170776
54357.19,20.477344512939453,0.0715698301792144
54365.19,20.625473022460938,0.1711240261793136
54373.3,20.237308502197266,0.1630227714776992
54379.23,20.27120590209961,0.0563179180026054
54381.23,20.286012649536133,0.0917438119649887
54382.23,20.11624336242676,0.0628368332982063
54386.23,20.172964096069336,0.0500079356133937
54393.22,20.07706642150879,0.0569687038660049
54394.22,19.972484588623047,0.1159716621041297
54396.15,19.7119369506836,0.1428269296884536
54402.23,19.9487419128418,0.1230829432606697
54403.15,20.023426055908203,0.0478193163871765
54406.15,19.96125602722168,0.0450232662260532
54410.15,20.10391616821289,0.0618290677666664
54411.1,20.159713745117188,0.050752405077219
54412.15,20.034412384033203,0.0513683818280696
54413.15,20.00064277648925,0.0486764684319496
54416.14,19.99313163757324,0.0438624285161495
54418.15,20.20572090148925,0.0506207831203937
54419.14,20.557830810546875,0.1424474418163299
54421.15,20.02426147460937,0.085684522986412
54422.15,20.211027145385746,0.1005852296948432
54423.14,20.11240196228028,0.1387852430343628
54425.14,20.090307235717773,0.1528081595897674
54431.15,20.27251625061035,0.2506593763828277
54433.15,20.12775611877441,0.0885026603937149
